<?xml version='1.0' encoding='utf-8'?>
<data>
  <row>
    <column_name>DESYNPUF_ID</column_name>
    <column_description>DESYNPUF: Beneficiary Code</column_description>
    <table_name>beneficiary_summary</table_name>
  </row>
  <row>
    <column_name>BENE_BIRTH_DT</column_name>
    <column_description>DESYNPUF: Date of birth</column_description>
    <table_name>beneficiary_summary</table_name>
  </row>
  <row>
    <column_name>BENE_DEATH_DT</column_name>
    <column_description>DESYNPUF: Date of death</column_description>
    <table_name>beneficiary_summary</table_name>
  </row>
  <row>
    <column_name>BENE_SEX_IDENT_CD</column_name>
    <column_description>DESYNPUF: Sex</column_description>
    <table_name>beneficiary_summary</table_name>
  </row>
  <row>
    <column_name>BENE_RACE_CD</column_name>
    <column_description>DESYNPUF: Beneficiary Race Code</column_description>
    <table_name>beneficiary_summary</table_name>
  </row>
  <row>
    <column_name>BENE_ESRD_IND</column_name>
    <column_description>DESYNPUF: End stage renal disease Indicator</column_description>
    <table_name>beneficiary_summary</table_name>
  </row>
  <row>
    <column_name>SP_STATE_CODE</column_name>
    <column_description>DESYNPUF: State Code</column_description>
    <table_name>beneficiary_summary</table_name>
  </row>
  <row>
    <column_name>BENE_COUNTY_CD</column_name>
    <column_description>DESYNPUF: County Code</column_description>
    <table_name>beneficiary_summary</table_name>
  </row>
  <row>
    <column_name>BENE_HI_CVRAGE_TOT_MONS</column_name>
    <column_description>DESYNPUF: Total number of months of part A coverage for the beneficiary.</column_description>
    <table_name>beneficiary_summary</table_name>
  </row>
  <row>
    <column_name>BENE_SMI_CVRAGE_TOT_MONS</column_name>
    <column_description>DESYNPUF: Total number of months of part B coverage for the beneficiary.</column_description>
    <table_name>beneficiary_summary</table_name>
  </row>
  <row>
    <column_name>BENE_HMO_CVRAGE_TOT_MONS</column_name>
    <column_description>DESYNPUF: Total number of months of HMO coverage for the beneficiary.</column_description>
    <table_name>beneficiary_summary</table_name>
  </row>
  <row>
    <column_name>PLAN_CVRG_MOS_NUM</column_name>
    <column_description>DESYNPUF: Total number of months of part D plan coverage for the beneficiary.</column_description>
    <table_name>beneficiary_summary</table_name>
  </row>
  <row>
    <column_name>SP_ALZHDMTA</column_name>
    <column_description>DESYNPUF: Chronic Condition: Alzheimer or related disorders or senile</column_description>
    <table_name>beneficiary_summary</table_name>
  </row>
  <row>
    <column_name>SP_CHF</column_name>
    <column_description>DESYNPUF: Chronic Condition: Heart Failure</column_description>
    <table_name>beneficiary_summary</table_name>
  </row>
  <row>
    <column_name>SP_CHRNKIDN</column_name>
    <column_description>DESYNPUF: Chronic Condition: Chronic Kidney Disease</column_description>
    <table_name>beneficiary_summary</table_name>
  </row>
  <row>
    <column_name>SP_CNCR</column_name>
    <column_description>DESYNPUF: Chronic Condition: Cancer</column_description>
    <table_name>beneficiary_summary</table_name>
  </row>
  <row>
    <column_name>SP_COPD</column_name>
    <column_description>DESYNPUF: Chronic Condition: Chronic Obstructive Pulmonary Disease</column_description>
    <table_name>beneficiary_summary</table_name>
  </row>
  <row>
    <column_name>SP_DEPRESSN</column_name>
    <column_description>DESYNPUF: Chronic Condition: Depression</column_description>
    <table_name>beneficiary_summary</table_name>
  </row>
  <row>
    <column_name>SP_DIABETES</column_name>
    <column_description>DESYNPUF: Chronic Condition: Diabetes</column_description>
    <table_name>beneficiary_summary</table_name>
  </row>
  <row>
    <column_name>SP_ISCHMCHT</column_name>
    <column_description>DESYNPUF: Chronic Condition: Ischemic Heart Disease</column_description>
    <table_name>beneficiary_summary</table_name>
  </row>
  <row>
    <column_name>SP_OSTEOPRS</column_name>
    <column_description>DESYNPUF: Chronic Condition: Osteoporosis</column_description>
    <table_name>beneficiary_summary</table_name>
  </row>
  <row>
    <column_name>SP_RA_OA</column_name>
    <column_description>DESYNPUF: Chronic Condition: rheumatoid arthritis and osteoarthritis (RA/OA)</column_description>
    <table_name>beneficiary_summary</table_name>
  </row>
  <row>
    <column_name>SP_STRKETIA</column_name>
    <column_description>DESYNPUF: Chronic Condition: Stroke/transient Ischemic Attack</column_description>
    <table_name>beneficiary_summary</table_name>
  </row>
  <row>
    <column_name>MEDREIMB_IP</column_name>
    <column_description>DESYNPUF: Inpatient annual Medicare reimbursement amount</column_description>
    <table_name>beneficiary_summary</table_name>
  </row>
  <row>
    <column_name>BENRES_IP</column_name>
    <column_description>DESYNPUF: Inpatient annual beneficiary responsibility amount</column_description>
    <table_name>beneficiary_summary</table_name>
  </row>
  <row>
    <column_name>PPPYMT_IP</column_name>
    <column_description>DESYNPUF: Inpatient annual primary payer reimbursement amount</column_description>
    <table_name>beneficiary_summary</table_name>
  </row>
  <row>
    <column_name>MEDREIMB_OP</column_name>
    <column_description>DESYNPUF: Outpatient Institutional annual Medicare reimbursement amount</column_description>
    <table_name>beneficiary_summary</table_name>
  </row>
  <row>
    <column_name>BENRES_OP</column_name>
    <column_description>DESYNPUF: Outpatient Institutional annual beneficiary responsibility amount</column_description>
    <table_name>beneficiary_summary</table_name>
  </row>
  <row>
    <column_name>PPPYMT_OP</column_name>
    <column_description>DESYNPUF: Outpatient Institutional annual primary payer reimbursement amount</column_description>
    <table_name>beneficiary_summary</table_name>
  </row>
  <row>
    <column_name>MEDREIMB_CAR</column_name>
    <column_description>DESYNPUF: Carrier annual Medicare reimbursement amount</column_description>
    <table_name>beneficiary_summary</table_name>
  </row>
  <row>
    <column_name>BENRES_CAR</column_name>
    <column_description>DESYNPUF: Carrier annual beneficiary responsibility amount</column_description>
    <table_name>beneficiary_summary</table_name>
  </row>
  <row>
    <column_name>PPPYMT_CAR</column_name>
    <column_description>DESYNPUF: Carrier annual primary payer reimbursement amount</column_description>
    <table_name>beneficiary_summary</table_name>
  </row>
  <row>
    <column_name>DESYNPUF_ID</column_name>
    <column_description>DESYNPUF: Beneficiary Code</column_description>
    <table_name>inpatient_claims</table_name>
  </row>
  <row>
    <column_name>CLM_ID</column_name>
    <column_description>DESYNPUF: Claim ID</column_description>
    <table_name>inpatient_claims</table_name>
  </row>
  <row>
    <column_name>SEGMENT</column_name>
    <column_description>DESYNPUF: Claim Line Segment</column_description>
    <table_name>inpatient_claims</table_name>
  </row>
  <row>
    <column_name>CLM_FROM_DT</column_name>
    <column_description>DESYNPUF: Claims start date</column_description>
    <table_name>inpatient_claims</table_name>
  </row>
  <row>
    <column_name>CLM_THRU_DT</column_name>
    <column_description>DESYNPUF: Claims end date</column_description>
    <table_name>inpatient_claims</table_name>
  </row>
  <row>
    <column_name>PRVDR_NUM</column_name>
    <column_description>DESYNPUF: Provider Institution</column_description>
    <table_name>inpatient_claims</table_name>
  </row>
  <row>
    <column_name>CLM_PMT_AMT</column_name>
    <column_description>DESYNPUF: Claim Payment Amount</column_description>
    <table_name>inpatient_claims</table_name>
  </row>
  <row>
    <column_name>NCH_PRMRY_PYR_CLM_PD_AMT</column_name>
    <column_description>DESYNPUF: NCH Primary Payer Claim Paid Amount</column_description>
    <table_name>inpatient_claims</table_name>
  </row>
  <row>
    <column_name>AT_PHYSN_NPI</column_name>
    <column_description>DESYNPUF: Attending Physician – National Provider Identifier Number</column_description>
    <table_name>inpatient_claims</table_name>
  </row>
  <row>
    <column_name>OP_PHYSN_NPI</column_name>
    <column_description>DESYNPUF: Operating Physician – National Provider Identifier Number</column_description>
    <table_name>inpatient_claims</table_name>
  </row>
  <row>
    <column_name>OT_PHYSN_NPI</column_name>
    <column_description>DESYNPUF: Other Physician – National Provider Identifier Number</column_description>
    <table_name>inpatient_claims</table_name>
  </row>
  <row>
    <column_name>CLM_ADMSN_DT</column_name>
    <column_description>DESYNPUF: Inpatient admission date</column_description>
    <table_name>inpatient_claims</table_name>
  </row>
  <row>
    <column_name>ADMTNG_ICD9_DGNS_CD</column_name>
    <column_description>DESYNPUF: Claim Admitting Diagnosis Code</column_description>
    <table_name>inpatient_claims</table_name>
  </row>
  <row>
    <column_name>CLM_PASS_THRU_PER_DIEM_AMT</column_name>
    <column_description>DESYNPUF: Claim Pass Thru Per Diem Amount</column_description>
    <table_name>inpatient_claims</table_name>
  </row>
  <row>
    <column_name>NCH_BENE_IP_DDCTBL_AMT</column_name>
    <column_description>DESYNPUF: NCH Beneficiary Inpatient Deductible Amount</column_description>
    <table_name>inpatient_claims</table_name>
  </row>
  <row>
    <column_name>NCH_BENE_PTA_COINSRNC_LBLTY_AM</column_name>
    <column_description>DESYNPUF: NCH Beneficiary Part A Coinsurance Liability Amount</column_description>
    <table_name>inpatient_claims</table_name>
  </row>
  <row>
    <column_name>NCH_BENE_BLOOD_DDCTBL_LBLTY_AM</column_name>
    <column_description>DESYNPUF: NCH Beneficiary Blood Deductible Liability Amount</column_description>
    <table_name>inpatient_claims</table_name>
  </row>
  <row>
    <column_name>CLM_UTLZTN_DAY_CNT</column_name>
    <column_description>DESYNPUF: Claim Utilization Day Count</column_description>
    <table_name>inpatient_claims</table_name>
  </row>
  <row>
    <column_name>NCH_BENE_DSCHRG_DT</column_name>
    <column_description>DESYNPUF: Inpatient discharged date</column_description>
    <table_name>inpatient_claims</table_name>
  </row>
  <row>
    <column_name>CLM_DRG_CD</column_name>
    <column_description>DESYNPUF: Claim Diagnosis Related Group Code</column_description>
    <table_name>inpatient_claims</table_name>
  </row>
  <row>
    <column_name>ICD9_DGNS_CD_1 – ICD9_DGNS_CD_10</column_name>
    <column_description>DESYNPUF: Claim Diagnosis Code 1 – Claim Diagnosis Code 10</column_description>
    <table_name>inpatient_claims</table_name>
  </row>
  <row>
    <column_name>ICD9_PRCDR_CD_1 – ICD9_PRCDR_CD_6</column_name>
    <column_description>DESYNPUF: Claim Procedure Code 1 – Claim Procedure Code 6</column_description>
    <table_name>inpatient_claims</table_name>
  </row>
  <row>
    <column_name/>
    <column_description>DESYNPUF: Revenue Center HCFA Common</column_description>
    <table_name>inpatient_claims</table_name>
  </row>
  <row>
    <column_name>HCPCS_CD_1 – HCPCS_CD_45</column_name>
    <column_description>Procedure Coding System 1 – Revenue Center HCFA</column_description>
    <table_name>inpatient_claims</table_name>
  </row>
  <row>
    <column_name/>
    <column_description>Common Procedure Coding System 45</column_description>
    <table_name>inpatient_claims</table_name>
  </row>
  <row>
    <column_name>DESYNPUF_ID</column_name>
    <column_description>DESYNPUF: Beneficiary Code</column_description>
    <table_name>outpatient_claims</table_name>
  </row>
  <row>
    <column_name>CLM_ID</column_name>
    <column_description>DESYNPUF: Claim ID</column_description>
    <table_name>outpatient_claims</table_name>
  </row>
  <row>
    <column_name>SEGMENT</column_name>
    <column_description>DESYNPUF: Claim Line Segment</column_description>
    <table_name>outpatient_claims</table_name>
  </row>
  <row>
    <column_name>CLM_FROM_DT</column_name>
    <column_description>DESYNPUF: Claims start date</column_description>
    <table_name>outpatient_claims</table_name>
  </row>
  <row>
    <column_name>CLM_THRU_DT</column_name>
    <column_description>DESYNPUF: Claims end date</column_description>
    <table_name>outpatient_claims</table_name>
  </row>
  <row>
    <column_name>PRVDR_NUM</column_name>
    <column_description>DESYNPUF: Provider Institution</column_description>
    <table_name>outpatient_claims</table_name>
  </row>
  <row>
    <column_name>CLM_PMT_AMT</column_name>
    <column_description>DESYNPUF: Claim Payment Amount</column_description>
    <table_name>outpatient_claims</table_name>
  </row>
  <row>
    <column_name>NCH_PRMRY_PYR_CLM_PD_AMT</column_name>
    <column_description>DESYNPUF: NCH Primary Payer Claim Paid Amount</column_description>
    <table_name>outpatient_claims</table_name>
  </row>
  <row>
    <column_name>AT_PHYSN_NPI</column_name>
    <column_description>DESYNPUF: Attending Physician – National Provider Identifier Number</column_description>
    <table_name>outpatient_claims</table_name>
  </row>
  <row>
    <column_name>OP_PHYSN_NPI</column_name>
    <column_description>DESYNPUF: Operating Physician – National Provider Identifier Number</column_description>
    <table_name>outpatient_claims</table_name>
  </row>
  <row>
    <column_name>OT_PHYSN_NPI</column_name>
    <column_description>DESYNPUF: Other Physician – National Provider Identifier Number</column_description>
    <table_name>outpatient_claims</table_name>
  </row>
  <row>
    <column_name>NCH_BENE_BLOOD_DDCTBL_LBLTY_AM</column_name>
    <column_description>DESYNPUF: NCH Beneficiary Blood Deductible Liability Amount</column_description>
    <table_name>outpatient_claims</table_name>
  </row>
  <row>
    <column_name>ICD9_DGNS_CD_1 – ICD9_DGNS_CD_10</column_name>
    <column_description>DESYNPUF: Claim Diagnosis Code 1 – Claim Diagnosis Code 10</column_description>
    <table_name>outpatient_claims</table_name>
  </row>
  <row>
    <column_name>ICD9_PRCDR_CD_1 – ICD9_PRCDR_CD_6</column_name>
    <column_description>DESYNPUF: Claim Procedure Code 1 – Claim Procedure Code 6</column_description>
    <table_name>outpatient_claims</table_name>
  </row>
  <row>
    <column_name>NCH_BENE_PTB_DDCTBL_AMT</column_name>
    <column_description>DESYNPUF: NCH Beneficiary Part B Deductible Amount</column_description>
    <table_name>outpatient_claims</table_name>
  </row>
  <row>
    <column_name>NCH_BENE_PTB_COINSRNC_AMT</column_name>
    <column_description>DESYNPUF: NCH Beneficiary Part B Coinsurance Amount</column_description>
    <table_name>outpatient_claims</table_name>
  </row>
  <row>
    <column_name>ADMTNG_ICD9_DGNS_CD</column_name>
    <column_description>DESYNPUF: Claim Admitting Diagnosis Code</column_description>
    <table_name>outpatient_claims</table_name>
  </row>
  <row>
    <column_name/>
    <column_description>DESYNPUF: Revenue Center HCFA Common</column_description>
    <table_name>outpatient_claims</table_name>
  </row>
  <row>
    <column_name>HCPCS_CD_1 – HCPCS_CD_45</column_name>
    <column_description>Procedure Coding System 1 – Revenue Center</column_description>
    <table_name>outpatient_claims</table_name>
  </row>
  <row>
    <column_name/>
    <column_description>HCFA Common Procedure Coding System 45</column_description>
    <table_name>outpatient_claims</table_name>
  </row>
  <row>
    <column_name>DESYNPUF_ID</column_name>
    <column_description>DESYNPUF: Beneficiary Code</column_description>
    <table_name>prescription_drug_events</table_name>
  </row>
  <row>
    <column_name>PDE_ID</column_name>
    <column_description>DESYNPUF: CCW Part D Event Number</column_description>
    <table_name>prescription_drug_events</table_name>
  </row>
  <row>
    <column_name>SRVC_DT</column_name>
    <column_description>DESYNPUF: RX Service Date</column_description>
    <table_name>prescription_drug_events</table_name>
  </row>
  <row>
    <column_name>PROD_SRVC_ID</column_name>
    <column_description>DESYNPUF: Product Service ID</column_description>
    <table_name>prescription_drug_events</table_name>
  </row>
  <row>
    <column_name>QTY_DSPNSD_NUM</column_name>
    <column_description>DESYNPUF: Quantity Dispensed</column_description>
    <table_name>prescription_drug_events</table_name>
  </row>
  <row>
    <column_name>DAYS_SUPLY_NUM</column_name>
    <column_description>DESYNPUF: Days Supply</column_description>
    <table_name>prescription_drug_events</table_name>
  </row>
  <row>
    <column_name>PTNT_PAY_AMT</column_name>
    <column_description>DESYNPUF: Patient Pay Amount</column_description>
    <table_name>prescription_drug_events</table_name>
  </row>
  <row>
    <column_name>TOT_RX_CST_AMT</column_name>
    <column_description>DESYNPUF: Gross Drug Cost</column_description>
    <table_name>prescription_drug_events</table_name>
  </row>
</data>
