{
  "pipelineSpec": {
    "components": {
      "comp-condition-data-check-1": {
        "dag": {
          "tasks": {
            "get-model": {
              "cachingOptions": {},
              "componentRef": {
                "name": "comp-get-model"
              },
              "inputs": {
                "parameters": {
                  "bucket_id": {
                    "componentInputParameter": "pipelineparam--bucket_id"
                  },
                  "checkpoints_table": {
                    "runtimeValue": {
                      "constantValue": {
                        "stringValue": "cdp_audiences.t_mdl_breakfast_audience_checkpoints"
                      }
                    }
                  },
                  "project_name": {
                    "componentInputParameter": "pipelineparam--project_id"
                  }
                }
              },
              "taskInfo": {
                "name": "get-model"
              }
            },
            "inference": {
              "cachingOptions": {},
              "componentRef": {
                "name": "comp-inference"
              },
              "dependentTasks": [
                "get-model"
              ],
              "inputs": {
                "artifacts": {
                  "model_path": {
                    "taskOutputArtifact": {
                      "outputArtifactKey": "model_path",
                      "producerTask": "get-model"
                    }
                  }
                },
                "parameters": {
                  "decile_selection": {
                    "runtimeValue": {
                      "constantValue": {
                        "stringValue": "[10]"
                      }
                    }
                  },
                  "golden_records_table": {
                    "runtimeValue": {
                      "constantValue": {
                        "stringValue": "gold.t_fact_unified_customer"
                      }
                    }
                  },
                  "model_number": {
                    "taskOutputParameter": {
                      "outputParameterKey": "model_number",
                      "producerTask": "get-model"
                    }
                  },
                  "prediction_table": {
                    "runtimeValue": {
                      "constantValue": {
                        "stringValue": "cdp_audiences.cdp_breakfast_audience"
                      }
                    }
                  },
                  "project_id": {
                    "componentInputParameter": "pipelineparam--project_id"
                  }
                }
              },
              "taskInfo": {
                "name": "inference"
              }
            }
          }
        },
        "inputDefinitions": {
          "parameters": {
            "pipelineparam--bucket_id": {
              "type": "STRING"
            },
            "pipelineparam--data-check-data_check_status": {
              "type": "STRING"
            },
            "pipelineparam--project_id": {
              "type": "STRING"
            }
          }
        }
      },
      "comp-data-check": {
        "executorLabel": "exec-data-check",
        "inputDefinitions": {
          "parameters": {
            "golden_records_table": {
              "type": "STRING"
            },
            "prediction_table": {
              "type": "STRING"
            },
            "project_id": {
              "type": "STRING"
            }
          }
        },
        "outputDefinitions": {
          "parameters": {
            "data_check_status": {
              "type": "STRING"
            }
          }
        }
      },
      "comp-get-model": {
        "executorLabel": "exec-get-model",
        "inputDefinitions": {
          "parameters": {
            "bucket_id": {
              "type": "STRING"
            },
            "checkpoints_table": {
              "type": "STRING"
            },
            "project_name": {
              "type": "STRING"
            }
          }
        },
        "outputDefinitions": {
          "artifacts": {
            "model_path": {
              "artifactType": {
                "schemaTitle": "system.Model",
                "schemaVersion": "0.0.1"
              }
            }
          },
          "parameters": {
            "model_number": {
              "type": "INT"
            }
          }
        }
      },
      "comp-inference": {
        "executorLabel": "exec-inference",
        "inputDefinitions": {
          "artifacts": {
            "model_path": {
              "artifactType": {
                "schemaTitle": "system.Model",
                "schemaVersion": "0.0.1"
              }
            }
          },
          "parameters": {
            "decile_selection": {
              "type": "STRING"
            },
            "golden_records_table": {
              "type": "STRING"
            },
            "model_number": {
              "type": "INT"
            },
            "prediction_table": {
              "type": "STRING"
            },
            "project_id": {
              "type": "STRING"
            }
          }
        }
      }
    },
    "deploymentSpec": {
      "executors": {
        "exec-data-check": {
          "container": {
            "args": [
              "--executor_input",
              "{{$}}",
              "--function_to_execute",
              "data_check"
            ],
            "command": [
              "sh",
              "-c",
              "\nif ! [ -x \"$(command -v pip)\" ]; then\n    python3 -m ensurepip || python3 -m ensurepip --user || apt-get install python3-pip\nfi\n\nPIP_DISABLE_PIP_VERSION_CHECK=1 python3 -m pip install --quiet     --no-warn-script-location 'kfp==1.8.12' && \"$0\" \"$@\"\n",
              "sh",
              "-ec",
              "program_path=$(mktemp -d)\nprintf \"%s\" \"$0\" > \"$program_path/ephemeral_component.py\"\npython3 -m kfp.v2.components.executor_main                         --component_module_path                         \"$program_path/ephemeral_component.py\"                         \"$@\"\n",
              "\nimport kfp\nfrom kfp.v2 import dsl\nfrom kfp.v2.dsl import *\nfrom typing import *\n\ndef data_check(project_id:str,golden_records_table:str,prediction_table:str)-> NamedTuple(\n    \"Outputs\",\n    [\n       (\"data_check_status\",str)\n    ],):\n\n    \"\"\"\n    Parameters\n    ----------\n    project_id : str\n        GCP project ID \n\n    golden_records_table : str\n        Golden records table ID\n\n    prediction_table : str\n        Model prediction table\n\n    \"\"\"\n\n    from google.cloud import bigquery,storage\n    from datetime import datetime\n\n    client = bigquery.Client(project=project_id)   \n\n    df=client.query( f\"\"\"select count(*) as length from `{golden_records_table}` \"\"\").to_dataframe()\n    if int(df['length'].values[0])<=1:\n        data_check_status=\"Not enough data in Golden Records table, Skipping Inference\"\n    else:\n        data_check_status=\"Data found in Golden Records table, Starting inference\"\n\n    ################# Deleting audience for the current date if it exists #################\n    current_date=datetime.today().strftime('%Y-%m-%d')\n    query =f\"\"\"DELETE FROM {project_id}.{prediction_table} WHERE CREATED_DATE ={current_date}\"\"\"\n    client = bigquery.Client(project_id)\n    client.query(query)  \n\n    return (data_check_status,)\n\n"
            ],
            "image": "gcr.io/deeplearning-platform-release/sklearn-cpu"
          }
        },
        "exec-get-model": {
          "container": {
            "args": [
              "--executor_input",
              "{{$}}",
              "--function_to_execute",
              "get_model"
            ],
            "command": [
              "sh",
              "-c",
              "\nif ! [ -x \"$(command -v pip)\" ]; then\n    python3 -m ensurepip || python3 -m ensurepip --user || apt-get install python3-pip\nfi\n\nPIP_DISABLE_PIP_VERSION_CHECK=1 python3 -m pip install --quiet     --no-warn-script-location 'kfp==1.8.12' && \"$0\" \"$@\"\n",
              "sh",
              "-ec",
              "program_path=$(mktemp -d)\nprintf \"%s\" \"$0\" > \"$program_path/ephemeral_component.py\"\npython3 -m kfp.v2.components.executor_main                         --component_module_path                         \"$program_path/ephemeral_component.py\"                         \"$@\"\n",
              "\nimport kfp\nfrom kfp.v2 import dsl\nfrom kfp.v2.dsl import *\nfrom typing import *\n\ndef get_model(project_name:str,checkpoints_table:str,bucket_id:str,model_path:Output[Model])-> NamedTuple(\n    \"Outputs\",\n    [\n       (\"model_number\",int)\n    ],):\n\n    \"\"\"\n    Parameters\n    ----------\n    project_id : str\n        GCP project ID \n\n    checkpoints_table : str\n        Model checkpoints table\n\n    bucket_id : str\n        GCS bucket id to save and retrieve the model \n\n    model_path:Output[Model]\n        Breakfast Affinity Model GCS path\n    \"\"\"\n\n\n    from google.cloud import bigquery,storage\n\n\n    client = bigquery.Client(project=project_name)   \n    # Get the latest model\n    model_info=client.query(f\"\"\"SELECT MODEL_VERSION, MODEL_PATH, FROM `{checkpoints_table}` \n                                          WHERE MODEL_VERSION=(SELECT max(MODEL_VERSION) FROM `{checkpoints_table}`)\"\"\").to_dataframe()\n\n    model_number=int(model_info['MODEL_VERSION'].values[0])\n\n    bucket=storage.Client(project=project_name).bucket(bucket_id)\n\n    path_=model_info['MODEL_PATH'].values[0].split(\"/\")[3:]\n    path_='/'.join(map(str, path_))\n    blob = bucket.blob(path_)\n    print(f\"Downloading blob:{blob.name}\")\n\n    destination_uri = f\"{model_path.path}_{model_number}.pkl\"\n    print(\"Destination_path\",destination_uri)\n    blob.download_to_filename(destination_uri)\n\n    return (model_number,)\n\n"
            ],
            "image": "gcr.io/deeplearning-platform-release/sklearn-cpu"
          }
        },
        "exec-inference": {
          "container": {
            "args": [
              "--executor_input",
              "{{$}}",
              "--function_to_execute",
              "inference"
            ],
            "command": [
              "sh",
              "-c",
              "\nif ! [ -x \"$(command -v pip)\" ]; then\n    python3 -m ensurepip || python3 -m ensurepip --user || apt-get install python3-pip\nfi\n\nPIP_DISABLE_PIP_VERSION_CHECK=1 python3 -m pip install --quiet     --no-warn-script-location 'pandas-gbq==0.17.4' 'kfp==1.8.12' && \"$0\" \"$@\"\n",
              "sh",
              "-ec",
              "program_path=$(mktemp -d)\nprintf \"%s\" \"$0\" > \"$program_path/ephemeral_component.py\"\npython3 -m kfp.v2.components.executor_main                         --component_module_path                         \"$program_path/ephemeral_component.py\"                         \"$@\"\n",
              "\nimport kfp\nfrom kfp.v2 import dsl\nfrom kfp.v2.dsl import *\nfrom typing import *\n\ndef inference(project_id:str,model_number:int,model_path:Input[Model],prediction_table:str,golden_records_table:str,decile_selection:list):\n\n    \"\"\"\n    Parameters\n    ----------\n    project_id : str\n        GCP project ID \n\n    kmeans_model_path:Input[Model]\n        Breakfast Affinity model GCS path\n\n    prediction_table:str\n        Bigquery prediction table ID\n\n    golden_records_table:str\n         Golden records table ID\n\n    \"\"\"\n\n    import pandas as pd\n    import pandas_gbq\n    import datetime\n    from google.cloud import bigquery\n    import numpy as np\n    from datetime import datetime\n\n    print(\"Loading Breakfast Affinity Model Parameters\")\n    propensity_model_parameters = pd.read_pickle(f\"{model_path.path}_{model_number}.pkl\")\n\n    client = bigquery.Client(project=project_id)\n\n    def get_prediction_data() -> pd.DataFrame:\n\n        print(\"creating the linear term\")\n        feature_list = [x if x != 'Intercept' else '1' for x in propensity_model_parameters.index]\n        coeff_list = propensity_model_parameters.to_list()\n        linear_term = ' + '.join(['(' + \\\n                                  str(coeff_list[i]) + \\\n                                  ') * IFNULL(' + \\\n                                  feature_list[i] + \\\n                                  ', 0)' for i in range(len(coeff_list))\n                                 ])\n\n\n        print(\"Fetching Data\")\n        # querying the gold layer\n        sql_query = f\"\"\" SELECT UUID, SF_CONTACT_ID, {linear_term} AS LINEAR_TERM, \n                          (CASE\n                              WHEN FREQ_BKFST = 0 THEN \"NON-BREAKFAST\"\n                            ELSE\n                            \"BREAKFAST\"\n                          END\n                            ) AS CUSTOMER_TYPE\n                        FROM\n                          `{golden_records_table}`\n                        WHERE\n                          FREQ_CATEGORY_BIN <> 'Inactive';\"\"\"\n\n        df = client.query(sql_query).to_dataframe()\n\n        return df\n\n    prediction_data=get_prediction_data()  \n\n    # calculate probability & deciles\n    prediction_data['PROB_BREAKFAST'] = np.exp(prediction_data['LINEAR_TERM'])/ (1 + np.exp(prediction_data['LINEAR_TERM']))\n    prediction_data['DECILE'] = pd.qcut(prediction_data['PROB_BREAKFAST'], 10, labels = False) + 1\n\n    # create audience\n    audience_condition = (prediction_data['CUSTOMER_TYPE'] == 'NON-BREAKFAST') & \\\n                            (prediction_data['DECILE'].isin([decile_selection]))\n    final_columns = ['UUID', 'SF_CONTACT_ID', 'CUSTOMER_TYPE', 'PROB_BREAKFAST']\n    cdp_breakfast_audience = prediction_data[final_columns][audience_condition]\n    cdp_breakfast_audience['CREATED_DATE'] = datetime.today().strftime('%Y-%m-%d')\n\n    # write back to bigquery audience table\n    pandas_gbq.to_gbq(cdp_breakfast_audience, \n                destination_table = prediction_table, \n                project_id = project_id, \n                if_exists=\"append\",\n                table_schema=[{'name':'CREATED_DATE','type': 'DATE'}]\n               )\n\n"
            ],
            "image": "gcr.io/deeplearning-platform-release/sklearn-cpu"
          }
        }
      }
    },
    "pipelineInfo": {
      "name": "breakfast-affinity-inference"
    },
    "root": {
      "dag": {
        "tasks": {
          "condition-Data-check-1": {
            "componentRef": {
              "name": "comp-condition-data-check-1"
            },
            "dependentTasks": [
              "data-check"
            ],
            "inputs": {
              "parameters": {
                "pipelineparam--bucket_id": {
                  "componentInputParameter": "bucket_id"
                },
                "pipelineparam--data-check-data_check_status": {
                  "taskOutputParameter": {
                    "outputParameterKey": "data_check_status",
                    "producerTask": "data-check"
                  }
                },
                "pipelineparam--project_id": {
                  "componentInputParameter": "project_id"
                }
              }
            },
            "taskInfo": {
              "name": "condition-Data-check-1"
            },
            "triggerPolicy": {
              "condition": "inputs.parameters['pipelineparam--data-check-data_check_status'].string_value == 'Data found in Golden Records table, Starting inference'"
            }
          },
          "data-check": {
            "cachingOptions": {},
            "componentRef": {
              "name": "comp-data-check"
            },
            "inputs": {
              "parameters": {
                "golden_records_table": {
                  "runtimeValue": {
                    "constantValue": {
                      "stringValue": "gold.t_fact_unified_customer"
                    }
                  }
                },
                "prediction_table": {
                  "runtimeValue": {
                    "constantValue": {
                      "stringValue": "cdp_audiences.cdp_breakfast_audience"
                    }
                  }
                },
                "project_id": {
                  "componentInputParameter": "project_id"
                }
              }
            },
            "taskInfo": {
              "name": "data-check"
            }
          }
        }
      },
      "inputDefinitions": {
        "parameters": {
          "bucket_id": {
            "type": "STRING"
          },
          "project_id": {
            "type": "STRING"
          }
        }
      }
    },
    "schemaVersion": "2.0.0",
    "sdkVersion": "kfp-1.8.12"
  },
  "runtimeConfig": {}
}