{
  "pipelineSpec": {
    "components": {
      "comp-condition-data-check-1": {
        "dag": {
          "tasks": {
            "for-loop-2": {
              "componentRef": {
                "name": "comp-for-loop-2"
              },
              "dependentTasks": [
                "get-model",
                "prepare-batches"
              ],
              "inputs": {
                "artifacts": {
                  "pipelineparam--get-model-ggf_model": {
                    "taskOutputArtifact": {
                      "outputArtifactKey": "ggf_model",
                      "producerTask": "get-model"
                    }
                  },
                  "pipelineparam--get-model-pnf_model": {
                    "taskOutputArtifact": {
                      "outputArtifactKey": "pnf_model",
                      "producerTask": "get-model"
                    }
                  }
                },
                "parameters": {
                  "pipelineparam--data-check-data_check_status": {
                    "componentInputParameter": "pipelineparam--data-check-data_check_status"
                  },
                  "pipelineparam--get-model-model_number": {
                    "taskOutputParameter": {
                      "outputParameterKey": "model_number",
                      "producerTask": "get-model"
                    }
                  },
                  "pipelineparam--prepare-batches-batches": {
                    "taskOutputParameter": {
                      "outputParameterKey": "batches",
                      "producerTask": "prepare-batches"
                    }
                  },
                  "pipelineparam--project_id": {
                    "componentInputParameter": "pipelineparam--project_id"
                  }
                }
              },
              "parameterIterator": {
                "itemInput": "pipelineparam--prepare-batches-batches-loop-item",
                "items": {
                  "inputParameter": "pipelineparam--prepare-batches-batches"
                }
              },
              "taskInfo": {
                "name": "for-loop-2"
              }
            },
            "get-model": {
              "cachingOptions": {},
              "componentRef": {
                "name": "comp-get-model"
              },
              "inputs": {
                "parameters": {
                  "bucket_id": {
                    "componentInputParameter": "pipelineparam--bucket_id"
                  },
                  "checkpoints_table": {
                    "runtimeValue": {
                      "constantValue": {
                        "stringValue": "curated.t_mdl_cltv_checkpoints"
                      }
                    }
                  },
                  "project_id": {
                    "componentInputParameter": "pipelineparam--project_id"
                  }
                }
              },
              "taskInfo": {
                "name": "get-model"
              }
            },
            "prepare-batches": {
              "cachingOptions": {},
              "componentRef": {
                "name": "comp-prepare-batches"
              },
              "inputs": {
                "parameters": {
                  "batch_size": {
                    "runtimeValue": {
                      "constantValue": {
                        "intValue": "1000000"
                      }
                    }
                  },
                  "project_id": {
                    "componentInputParameter": "pipelineparam--project_id"
                  },
                  "rfm_table": {
                    "runtimeValue": {
                      "constantValue": {
                        "stringValue": "curated.t_mdl_rfm"
                      }
                    }
                  }
                }
              },
              "taskInfo": {
                "name": "prepare-batches"
              }
            }
          }
        },
        "inputDefinitions": {
          "parameters": {
            "pipelineparam--bucket_id": {
              "type": "STRING"
            },
            "pipelineparam--data-check-data_check_status": {
              "type": "STRING"
            },
            "pipelineparam--project_id": {
              "type": "STRING"
            }
          }
        }
      },
      "comp-data-check": {
        "executorLabel": "exec-data-check",
        "inputDefinitions": {
          "parameters": {
            "prediction_table": {
              "type": "STRING"
            },
            "prediction_table_schema": {
              "type": "STRING"
            },
            "project_id": {
              "type": "STRING"
            },
            "rfm_table": {
              "type": "STRING"
            }
          }
        },
        "outputDefinitions": {
          "parameters": {
            "data_check_status": {
              "type": "STRING"
            }
          }
        }
      },
      "comp-for-loop-2": {
        "dag": {
          "tasks": {
            "inference": {
              "cachingOptions": {},
              "componentRef": {
                "name": "comp-inference"
              },
              "inputs": {
                "artifacts": {
                  "ggf_model": {
                    "componentInputArtifact": "pipelineparam--get-model-ggf_model"
                  },
                  "pnf_model": {
                    "componentInputArtifact": "pipelineparam--get-model-pnf_model"
                  }
                },
                "parameters": {
                  "batch": {
                    "componentInputParameter": "pipelineparam--prepare-batches-batches-loop-item"
                  },
                  "cltv_expected_trips_period": {
                    "runtimeValue": {
                      "constantValue": {
                        "intValue": "365"
                      }
                    }
                  },
                  "cltv_period": {
                    "runtimeValue": {
                      "constantValue": {
                        "intValue": "12"
                      }
                    }
                  },
                  "model_no": {
                    "componentInputParameter": "pipelineparam--get-model-model_number"
                  },
                  "prediction_table": {
                    "runtimeValue": {
                      "constantValue": {
                        "stringValue": "curated.t_mdl_cltv_predictions"
                      }
                    }
                  },
                  "project_id": {
                    "componentInputParameter": "pipelineparam--project_id"
                  },
                  "rfm_table": {
                    "runtimeValue": {
                      "constantValue": {
                        "stringValue": "curated.t_mdl_rfm"
                      }
                    }
                  }
                }
              },
              "taskInfo": {
                "name": "inference"
              }
            }
          }
        },
        "inputDefinitions": {
          "artifacts": {
            "pipelineparam--get-model-ggf_model": {
              "artifactType": {
                "schemaTitle": "system.Model",
                "schemaVersion": "0.0.1"
              }
            },
            "pipelineparam--get-model-pnf_model": {
              "artifactType": {
                "schemaTitle": "system.Model",
                "schemaVersion": "0.0.1"
              }
            }
          },
          "parameters": {
            "pipelineparam--data-check-data_check_status": {
              "type": "STRING"
            },
            "pipelineparam--get-model-model_number": {
              "type": "INT"
            },
            "pipelineparam--prepare-batches-batches": {
              "type": "STRING"
            },
            "pipelineparam--prepare-batches-batches-loop-item": {
              "type": "STRING"
            },
            "pipelineparam--project_id": {
              "type": "STRING"
            }
          }
        }
      },
      "comp-get-model": {
        "executorLabel": "exec-get-model",
        "inputDefinitions": {
          "parameters": {
            "bucket_id": {
              "type": "STRING"
            },
            "checkpoints_table": {
              "type": "STRING"
            },
            "project_id": {
              "type": "STRING"
            }
          }
        },
        "outputDefinitions": {
          "artifacts": {
            "ggf_model": {
              "artifactType": {
                "schemaTitle": "system.Model",
                "schemaVersion": "0.0.1"
              }
            },
            "pnf_model": {
              "artifactType": {
                "schemaTitle": "system.Model",
                "schemaVersion": "0.0.1"
              }
            }
          },
          "parameters": {
            "model_number": {
              "type": "INT"
            }
          }
        }
      },
      "comp-inference": {
        "executorLabel": "exec-inference",
        "inputDefinitions": {
          "artifacts": {
            "ggf_model": {
              "artifactType": {
                "schemaTitle": "system.Model",
                "schemaVersion": "0.0.1"
              }
            },
            "pnf_model": {
              "artifactType": {
                "schemaTitle": "system.Model",
                "schemaVersion": "0.0.1"
              }
            }
          },
          "parameters": {
            "batch": {
              "type": "STRING"
            },
            "cltv_expected_trips_period": {
              "type": "INT"
            },
            "cltv_period": {
              "type": "INT"
            },
            "model_no": {
              "type": "INT"
            },
            "prediction_table": {
              "type": "STRING"
            },
            "project_id": {
              "type": "STRING"
            },
            "rfm_table": {
              "type": "STRING"
            }
          }
        }
      },
      "comp-prepare-batches": {
        "executorLabel": "exec-prepare-batches",
        "inputDefinitions": {
          "parameters": {
            "batch_size": {
              "type": "INT"
            },
            "project_id": {
              "type": "STRING"
            },
            "rfm_table": {
              "type": "STRING"
            }
          }
        },
        "outputDefinitions": {
          "parameters": {
            "batches": {
              "type": "STRING"
            }
          }
        }
      }
    },
    "deploymentSpec": {
      "executors": {
        "exec-data-check": {
          "container": {
            "args": [
              "--executor_input",
              "{{$}}",
              "--function_to_execute",
              "data_check"
            ],
            "command": [
              "sh",
              "-c",
              "\nif ! [ -x \"$(command -v pip)\" ]; then\n    python3 -m ensurepip || python3 -m ensurepip --user || apt-get install python3-pip\nfi\n\nPIP_DISABLE_PIP_VERSION_CHECK=1 python3 -m pip install --quiet     --no-warn-script-location 'pandas-gbq==0.17.4' 'kfp==1.8.12' && \"$0\" \"$@\"\n",
              "sh",
              "-ec",
              "program_path=$(mktemp -d)\nprintf \"%s\" \"$0\" > \"$program_path/ephemeral_component.py\"\npython3 -m kfp.v2.components.executor_main                         --component_module_path                         \"$program_path/ephemeral_component.py\"                         \"$@\"\n",
              "\nimport kfp\nfrom kfp.v2 import dsl\nfrom kfp.v2.dsl import *\nfrom typing import *\n\ndef data_check(project_id:str,rfm_table:str,prediction_table:str,prediction_table_schema:list)-> NamedTuple(\n    \"Outputs\",\n    [\n       (\"data_check_status\",str)\n    ],):\n\n    \"\"\"\n    Parameters\n    ----------\n    project_id : str\n        GCP project ID \n\n    rfm_table : str\n        RFM table ID\n\n    prediction_table : str\n        Model prediction table\n\n    prediction_table_schema : list\n        Schema for model prediction table\n\n    \"\"\"\n\n    from google.cloud import bigquery,storage\n    import pandas as pd\n    import pandas_gbq\n    import datetime\n\n    client = bigquery.Client(project=project_id)   \n\n    df=client.query( f\"\"\"select count(*) as length from  `{rfm_table}` \n                          WHERE CREATED_DATE=(SELECT MAX(CREATED_DATE) FROM `{rfm_table}`) AND FREQUENCY>0\"\"\").to_dataframe()\n    if df['length'].values[0]<=0:\n        data_check_status=\"No frequency in the data, Skipping Inference\"\n    else:\n        data_check_status=\"RFM Data Check Completed, Starting inference\"\n\n    ################# Cleaning previous prediction #################\n    df=pd.DataFrame(columns=['CUSTOMER_ID','CLTV_12MO','FUTURE_12MO_PURCHASE','ALIVE_PROB','CREATED_TMS'])\n    pandas_gbq.to_gbq(df, prediction_table, project_id=project_id,if_exists=\"replace\",table_schema=prediction_table_schema)\n\n    return (data_check_status,)\n\n"
            ],
            "image": "gcr.io/deeplearning-platform-release/sklearn-cpu"
          }
        },
        "exec-get-model": {
          "container": {
            "args": [
              "--executor_input",
              "{{$}}",
              "--function_to_execute",
              "get_model"
            ],
            "command": [
              "sh",
              "-c",
              "\nif ! [ -x \"$(command -v pip)\" ]; then\n    python3 -m ensurepip || python3 -m ensurepip --user || apt-get install python3-pip\nfi\n\nPIP_DISABLE_PIP_VERSION_CHECK=1 python3 -m pip install --quiet     --no-warn-script-location 'kfp==1.8.12' && \"$0\" \"$@\"\n",
              "sh",
              "-ec",
              "program_path=$(mktemp -d)\nprintf \"%s\" \"$0\" > \"$program_path/ephemeral_component.py\"\npython3 -m kfp.v2.components.executor_main                         --component_module_path                         \"$program_path/ephemeral_component.py\"                         \"$@\"\n",
              "\nimport kfp\nfrom kfp.v2 import dsl\nfrom kfp.v2.dsl import *\nfrom typing import *\n\ndef get_model(project_id:str,checkpoints_table:str,bucket_id:str,\n                          pnf_model:Output[Model],ggf_model:Output[Model])-> NamedTuple(\n    \"Outputs\",\n    [\n       (\"model_number\",int)\n    ],):\n\n    \"\"\"\n    Parameters\n    ----------\n    project_id : str\n        GCP project ID \n\n    checkpoints_table : str\n        Model checkpoints table\n\n    bucket_id : str\n        GCS bucket id to save and retrieve the model \n\n    pnf_model:Output[Model]\n        pareto nbd GCS path\n\n    ggf_model:Output[Model]\n        Gamma Gamma GCS path\n\n    \"\"\"\n\n    from google.cloud import bigquery,storage\n\n\n    client = bigquery.Client(project=project_id)   \n    # Get the latest model\n    model_info=client.query(f\"\"\"SELECT MODEL_NO, MODEL_PATH FROM `{checkpoints_table}` \n                                          WHERE MODEL_NO=(SELECT max(MODEL_NO) FROM `{checkpoints_table}`)\"\"\").to_dataframe()\n\n    model_number=int(model_info['MODEL_NO'].values[0])\n\n    bucket=storage.Client(project=project_id).bucket(bucket_id)\n\n    path_=model_info['MODEL_PATH'].values[0][0].split(\"/\")[3:]\n    path_='/'.join(map(str, path_))\n    blob = bucket.blob(path_)\n    print(f\"Downloading blob:{blob.name}\")\n\n    destination_uri = f\"{pnf_model.path}_{model_number}.pkl\"\n    print(\"Destination_path\",destination_uri)\n    blob.download_to_filename(destination_uri)\n\n    path_=model_info['MODEL_PATH'].values[0][1].split(\"/\")[3:]\n    path_='/'.join(map(str, path_))\n    blob = bucket.blob(path_)\n    print(f\"Downloading blob:{blob.name}\")\n    destination_uri = f\"{ggf_model.path}_{model_number}.pkl\"\n    print(\"Destination_path\",destination_uri)\n    blob.download_to_filename(destination_uri)\n\n    return (model_number,)\n\n"
            ],
            "image": "gcr.io/deeplearning-platform-release/sklearn-cpu"
          }
        },
        "exec-inference": {
          "container": {
            "args": [
              "--executor_input",
              "{{$}}",
              "--function_to_execute",
              "inference"
            ],
            "command": [
              "sh",
              "-c",
              "\nif ! [ -x \"$(command -v pip)\" ]; then\n    python3 -m ensurepip || python3 -m ensurepip --user || apt-get install python3-pip\nfi\n\nPIP_DISABLE_PIP_VERSION_CHECK=1 python3 -m pip install --quiet     --no-warn-script-location 'Lifetimes==0.11.3' 'pandas-gbq==0.17.4' 'kfp==1.8.12' && \"$0\" \"$@\"\n",
              "sh",
              "-ec",
              "program_path=$(mktemp -d)\nprintf \"%s\" \"$0\" > \"$program_path/ephemeral_component.py\"\npython3 -m kfp.v2.components.executor_main                         --component_module_path                         \"$program_path/ephemeral_component.py\"                         \"$@\"\n",
              "\nimport kfp\nfrom kfp.v2 import dsl\nfrom kfp.v2.dsl import *\nfrom typing import *\n\ndef inference(project_id:str,batch:dict,model_no:int,pnf_model:Input[Model],\n              ggf_model:Input[Model],prediction_table:str,cltv_period:int,\n              cltv_expected_trips_period:int,rfm_table:str):               \n    \"\"\"\n    Parameters\n    ----------\n    project_id : str\n        GCP project ID \n\n    batch : dict\n        The batch to run inference\n\n    model_no : int\n        Model version number.\n\n    pnf_model:Input[Model]\n        Pareto NBD model GCS path\n\n    ggf_model:Input[Model]\n        Gamma Gamma model GCS path\n\n    prediction_table:str\n        Bigquery prediction table ID\n\n    cltv_period:int\n        Constant used in the model to calculate CLTV. The supplied input value to be in unit of months\n\n    cltv_expected_trips_period:int\n        Constant used in the model to predict expected future trips. The supplied input value to be in unit of days\n\n    rfm_table:str\n        Bigquery RFM table ID\n\n    \"\"\"\n    from lifetimes import ParetoNBDFitter,GammaGammaFitter\n    import numpy as np\n    from google.cloud import bigquery\n    import pandas as pd\n    import pandas_gbq\n    from google.cloud import bigquery\n    import datetime\n\n    pnf = ParetoNBDFitter(penalizer_coef=0.0)\n    ggf = GammaGammaFitter(penalizer_coef=0)\n    print(\"Loading Pareto/NBD Model\")\n    pnf.load_model(f\"{pnf_model.path}_{model_no}.pkl\")\n    print(\"Loading Gamma-Gamma Model\")\n    ggf.load_model(f\"{ggf_model.path}_{model_no}.pkl\")\n\n    client = bigquery.Client(project=project_id)\n\n    def get_data_batch(limit:int, offset:int) -> pd.DataFrame:\n\n        print(\"Fetching Data\")\n\n        sql_query = (f\"select * from {rfm_table}  WHERE CREATED_DATE=(SELECT MAX(CREATED_DATE) FROM `{rfm_table}`) limit {limit} offset {offset}\")\n\n        df = client.query(sql_query).to_dataframe().set_index('CUSTOMER_ID')\n\n        return df\n\n    def compute_kpi(data:pd.DataFrame) -> pd.DataFrame:\n\n        #Generating CLTV Values\n        cltv_values=ggf.customer_lifetime_value(\n                        pnf, #the model to use to predict the number of future transactions\n                        data['FREQUENCY'],\n                        data['RECENCY'],\n                        data['T'],\n                        data['MONETARY_VALUE'],\n                        time=cltv_period, # months\n                        discount_rate=0.00) \n        cltv_values.name=\"CLTV_12MO\"\n\n        \"\"\"Generating future expected number of purchase, Here t is in periods which is measured in dates\"\"\"\n        cltv_future_purchase=pnf.conditional_expected_number_of_purchases_up_to_time(cltv_expected_trips_period,data['FREQUENCY'], data['RECENCY'], data['T'])\n        cltv_future_purchase.name=\"FUTURE_12MO_PURCHASE\"\n\n\n        \"\"\"Generating conditional probabilty of being alive,It calculates the probability of a customer being currently alive or not\"\"\"\n        cltv_prob_alive=pnf.conditional_probability_alive(data['FREQUENCY'], data['RECENCY'], data['T'])\n        cltv_prob_alive.name=\"ALIVE_PROB\"\n\n        return pd.concat([cltv_values,cltv_prob_alive,cltv_future_purchase],axis=1)\n\n    def save_metric_bq(data:pd.DataFrame):\n        print(\"Saving computed KPI's to bigquery\")\n\n        table_id=f\"{prediction_table}\"\n        pandas_gbq.to_gbq(data.round(2).reset_index(), table_id, project_id=project_id,if_exists=\"append\")\n\n    def batch_prediction():  \n        for key,value in batch.items():\n\n            #Loading the data\n            df=get_data_batch(value['limit'],value['offset'])  \n\n            #computing KPI's for next 12 months\n            df=compute_kpi(df)\n\n            #adding timestamp to the dataframe\n            f = '%Y-%m-%d %H:%M:%S'\n            timestamp_now = datetime.datetime.now().strftime(f)\n            df['CREATED_TMS']=timestamp_now\n            save_metric_bq(df)\n        print(\"Batch Prediction Completed\")\n\n    batch_prediction()\n\n"
            ],
            "image": "gcr.io/deeplearning-platform-release/sklearn-cpu"
          }
        },
        "exec-prepare-batches": {
          "container": {
            "args": [
              "--executor_input",
              "{{$}}",
              "--function_to_execute",
              "prepare_batches"
            ],
            "command": [
              "sh",
              "-c",
              "\nif ! [ -x \"$(command -v pip)\" ]; then\n    python3 -m ensurepip || python3 -m ensurepip --user || apt-get install python3-pip\nfi\n\nPIP_DISABLE_PIP_VERSION_CHECK=1 python3 -m pip install --quiet     --no-warn-script-location 'kfp==1.8.12' && \"$0\" \"$@\"\n",
              "sh",
              "-ec",
              "program_path=$(mktemp -d)\nprintf \"%s\" \"$0\" > \"$program_path/ephemeral_component.py\"\npython3 -m kfp.v2.components.executor_main                         --component_module_path                         \"$program_path/ephemeral_component.py\"                         \"$@\"\n",
              "\nimport kfp\nfrom kfp.v2 import dsl\nfrom kfp.v2.dsl import *\nfrom typing import *\n\ndef prepare_batches(project_id:str,batch_size:int,rfm_table:str)-> NamedTuple(\n    \"Outputs\",\n    [\n       (\"batches\",List[Dict])\n    ],):\n\n\n    \"\"\"\n    Parameters\n    ----------\n    project_id : str\n        GCP project ID \n\n    batch_size : int\n        Number rows in a batch\n\n    rfm_table : str\n        Bigquery RFM table ID.\n\n    \"\"\"\n\n    print(\"Preparing Data in Batches\")\n\n    from google.cloud import bigquery\n\n    client = bigquery.Client(project=project_id)   \n\n    total_rows=client.query(f\"SELECT count(distinct CUSTOMER_ID) as total_row  FROM `{rfm_table}`\").to_dataframe().values[0][0]\n\n    batches=[]\n\n    for index,offset  in enumerate(range(0,total_rows,batch_size)):\n        batches.append({f\"batch{index}\":{'limit':batch_size,'offset':offset}})\n\n    return (batches,)\n\n"
            ],
            "image": "gcr.io/deeplearning-platform-release/sklearn-cpu"
          }
        }
      }
    },
    "pipelineInfo": {
      "name": "cltv-inference-lifetime"
    },
    "root": {
      "dag": {
        "tasks": {
          "condition-Data-check-1": {
            "componentRef": {
              "name": "comp-condition-data-check-1"
            },
            "dependentTasks": [
              "data-check"
            ],
            "inputs": {
              "parameters": {
                "pipelineparam--bucket_id": {
                  "componentInputParameter": "bucket_id"
                },
                "pipelineparam--data-check-data_check_status": {
                  "taskOutputParameter": {
                    "outputParameterKey": "data_check_status",
                    "producerTask": "data-check"
                  }
                },
                "pipelineparam--project_id": {
                  "componentInputParameter": "project_id"
                }
              }
            },
            "taskInfo": {
              "name": "condition-Data-check-1"
            },
            "triggerPolicy": {
              "condition": "inputs.parameters['pipelineparam--data-check-data_check_status'].string_value == 'RFM Data Check Completed, Starting inference'"
            }
          },
          "data-check": {
            "cachingOptions": {},
            "componentRef": {
              "name": "comp-data-check"
            },
            "inputs": {
              "parameters": {
                "prediction_table": {
                  "runtimeValue": {
                    "constantValue": {
                      "stringValue": "curated.t_mdl_cltv_predictions"
                    }
                  }
                },
                "prediction_table_schema": {
                  "runtimeValue": {
                    "constantValue": {
                      "stringValue": "[{\"name\": \"CUSTOMER_ID\", \"type\": \"INTEGER\"}, {\"name\": \"CLTV_12MO\", \"type\": \"FLOAT\"}, {\"name\": \"ALIVE_PROB\", \"type\": \"FLOAT\"}, {\"name\": \"FUTURE_12MO_PURCHASE\", \"type\": \"FLOAT\"}, {\"name\": \"CREATED_TMS\", \"type\": \"STRING\"}]"
                    }
                  }
                },
                "project_id": {
                  "componentInputParameter": "project_id"
                },
                "rfm_table": {
                  "runtimeValue": {
                    "constantValue": {
                      "stringValue": "curated.t_mdl_rfm"
                    }
                  }
                }
              }
            },
            "taskInfo": {
              "name": "data-check"
            }
          }
        }
      },
      "inputDefinitions": {
        "parameters": {
          "bucket_id": {
            "type": "STRING"
          },
          "project_id": {
            "type": "STRING"
          }
        }
      }
    },
    "schemaVersion": "2.0.0",
    "sdkVersion": "kfp-1.8.12"
  },
  "runtimeConfig": {}
}