{
  "pipelineSpec": {
    "components": {
      "comp-condition-model-training-data-check-1": {
        "dag": {
          "tasks": {
            "save-model-checkpoints-bq": {
              "cachingOptions": {},
              "componentRef": {
                "name": "comp-save-model-checkpoints-bq"
              },
              "dependentTasks": [
                "train-ggf",
                "train-pnf"
              ],
              "inputs": {
                "artifacts": {
                  "ggf_path": {
                    "taskOutputArtifact": {
                      "outputArtifactKey": "ggf_model",
                      "producerTask": "train-ggf"
                    }
                  },
                  "pnf_path": {
                    "taskOutputArtifact": {
                      "outputArtifactKey": "pnf_model",
                      "producerTask": "train-pnf"
                    }
                  }
                },
                "parameters": {
                  "checkpoints_table": {
                    "runtimeValue": {
                      "constantValue": {
                        "stringValue": "curated.t_mdl_cltv_checkpoints"
                      }
                    }
                  },
                  "ggf_fitter_param": {
                    "taskOutputParameter": {
                      "outputParameterKey": "ggf_params",
                      "producerTask": "train-ggf"
                    }
                  },
                  "model_version_number": {
                    "componentInputParameter": "pipelineparam--data-check-model_version_number"
                  },
                  "pnf_fitter_param": {
                    "taskOutputParameter": {
                      "outputParameterKey": "pnf_params",
                      "producerTask": "train-pnf"
                    }
                  },
                  "project_id": {
                    "componentInputParameter": "pipelineparam--project_id"
                  },
                  "rmse": {
                    "taskOutputParameter": {
                      "outputParameterKey": "rmse",
                      "producerTask": "train-pnf"
                    }
                  },
                  "train_dataset_size": {
                    "taskOutputParameter": {
                      "outputParameterKey": "train_dataset_size",
                      "producerTask": "train-pnf"
                    }
                  }
                }
              },
              "taskInfo": {
                "name": "save-model-checkpoints-bq"
              }
            },
            "train-ggf": {
              "cachingOptions": {},
              "componentRef": {
                "name": "comp-train-ggf"
              },
              "inputs": {
                "parameters": {
                  "model_version_number": {
                    "componentInputParameter": "pipelineparam--data-check-model_version_number"
                  },
                  "monetary_value_threshold": {
                    "runtimeValue": {
                      "constantValue": {
                        "intValue": "1000"
                      }
                    }
                  },
                  "project_id": {
                    "componentInputParameter": "pipelineparam--project_id"
                  },
                  "rfm_table": {
                    "runtimeValue": {
                      "constantValue": {
                        "stringValue": "curated.t_mdl_rfm"
                      }
                    }
                  }
                }
              },
              "taskInfo": {
                "name": "train-ggf"
              }
            },
            "train-pnf": {
              "cachingOptions": {},
              "componentRef": {
                "name": "comp-train-pnf"
              },
              "inputs": {
                "parameters": {
                  "model_version_number": {
                    "componentInputParameter": "pipelineparam--data-check-model_version_number"
                  },
                  "project_id": {
                    "componentInputParameter": "pipelineparam--project_id"
                  },
                  "rfm_table": {
                    "runtimeValue": {
                      "constantValue": {
                        "stringValue": "curated.t_mdl_rfm"
                      }
                    }
                  }
                }
              },
              "taskInfo": {
                "name": "train-pnf"
              }
            }
          }
        },
        "inputDefinitions": {
          "parameters": {
            "pipelineparam--data-check-data_check_status": {
              "type": "STRING"
            },
            "pipelineparam--data-check-model_version_number": {
              "type": "INT"
            },
            "pipelineparam--project_id": {
              "type": "STRING"
            }
          }
        }
      },
      "comp-data-check": {
        "executorLabel": "exec-data-check",
        "inputDefinitions": {
          "parameters": {
            "checkpoints_table": {
              "type": "STRING"
            },
            "project_id": {
              "type": "STRING"
            },
            "rfm_table": {
              "type": "STRING"
            }
          }
        },
        "outputDefinitions": {
          "parameters": {
            "data_check_status": {
              "type": "STRING"
            },
            "model_version_number": {
              "type": "INT"
            }
          }
        }
      },
      "comp-save-model-checkpoints-bq": {
        "executorLabel": "exec-save-model-checkpoints-bq",
        "inputDefinitions": {
          "artifacts": {
            "ggf_path": {
              "artifactType": {
                "schemaTitle": "system.Model",
                "schemaVersion": "0.0.1"
              }
            },
            "pnf_path": {
              "artifactType": {
                "schemaTitle": "system.Model",
                "schemaVersion": "0.0.1"
              }
            }
          },
          "parameters": {
            "checkpoints_table": {
              "type": "STRING"
            },
            "ggf_fitter_param": {
              "type": "STRING"
            },
            "model_version_number": {
              "type": "INT"
            },
            "pnf_fitter_param": {
              "type": "STRING"
            },
            "project_id": {
              "type": "STRING"
            },
            "rmse": {
              "type": "DOUBLE"
            },
            "train_dataset_size": {
              "type": "INT"
            }
          }
        }
      },
      "comp-train-ggf": {
        "executorLabel": "exec-train-ggf",
        "inputDefinitions": {
          "parameters": {
            "model_version_number": {
              "type": "INT"
            },
            "monetary_value_threshold": {
              "type": "INT"
            },
            "project_id": {
              "type": "STRING"
            },
            "rfm_table": {
              "type": "STRING"
            }
          }
        },
        "outputDefinitions": {
          "artifacts": {
            "ggf_model": {
              "artifactType": {
                "schemaTitle": "system.Model",
                "schemaVersion": "0.0.1"
              }
            }
          },
          "parameters": {
            "ggf_params": {
              "type": "STRING"
            }
          }
        }
      },
      "comp-train-pnf": {
        "executorLabel": "exec-train-pnf",
        "inputDefinitions": {
          "parameters": {
            "model_version_number": {
              "type": "INT"
            },
            "project_id": {
              "type": "STRING"
            },
            "rfm_table": {
              "type": "STRING"
            }
          }
        },
        "outputDefinitions": {
          "artifacts": {
            "pnf_model": {
              "artifactType": {
                "schemaTitle": "system.Model",
                "schemaVersion": "0.0.1"
              }
            }
          },
          "parameters": {
            "pnf_params": {
              "type": "STRING"
            },
            "rmse": {
              "type": "DOUBLE"
            },
            "train_dataset_size": {
              "type": "INT"
            }
          }
        }
      }
    },
    "deploymentSpec": {
      "executors": {
        "exec-data-check": {
          "container": {
            "args": [
              "--executor_input",
              "{{$}}",
              "--function_to_execute",
              "data_check"
            ],
            "command": [
              "sh",
              "-c",
              "\nif ! [ -x \"$(command -v pip)\" ]; then\n    python3 -m ensurepip || python3 -m ensurepip --user || apt-get install python3-pip\nfi\n\nPIP_DISABLE_PIP_VERSION_CHECK=1 python3 -m pip install --quiet     --no-warn-script-location 'kfp==1.8.12' && \"$0\" \"$@\"\n",
              "sh",
              "-ec",
              "program_path=$(mktemp -d)\nprintf \"%s\" \"$0\" > \"$program_path/ephemeral_component.py\"\npython3 -m kfp.v2.components.executor_main                         --component_module_path                         \"$program_path/ephemeral_component.py\"                         \"$@\"\n",
              "\nimport kfp\nfrom kfp.v2 import dsl\nfrom kfp.v2.dsl import *\nfrom typing import *\n\ndef data_check(project_id:str,rfm_table:str,checkpoints_table:str)-> NamedTuple(\n    \"Outputs\",   \n    [\n       (\"data_check_status\",str), (\"model_version_number\", int)\n    ],):\n\n    \"\"\"\n    Parameters\n    ----------\n    project_id : str\n        GCP project ID \n\n    rfm_table : str\n        RFM table ID\n\n    checkpoints_table : str\n        Model checkpoints table\n\n    \"\"\"\n\n\n    from google.cloud import bigquery,storage\n    import pandas as pd\n    import datetime\n\n    client = bigquery.Client(project=project_id)   \n\n    df=client.query( f\"\"\" SELECT FREQUENCY,MONETARY_VALUE,CUSTOMER_ID FROM `{rfm_table}`\n                        WHERE CREATED_DATE=(SELECT MAX(CREATED_DATE) FROM `{rfm_table}`) AND FREQUENCY > 0 AND MONETARY_VALUE >0\n                        \"\"\").to_dataframe()\n\n    if len(df)<=0:\n        data_check_status=\"No frequency in the data\"\n    else:\n        data_check_status=\"RFM Data Check Completed, Starting Training\"\n\n    # Model Version, Get the latest model Number\n    model_version_number=client.query(f\"SELECT max(MODEL_NO) FROM `{checkpoints_table}`\").to_dataframe()\n    if model_version_number.isna().values[0]:\n        model_version_number=1\n    else:\n        model_version_number+=1\n        model_version_number=int(model_version_number.values[0][0])\n\n    return (data_check_status,model_version_number,)\n\n"
            ],
            "image": "gcr.io/deeplearning-platform-release/sklearn-cpu"
          }
        },
        "exec-save-model-checkpoints-bq": {
          "container": {
            "args": [
              "--executor_input",
              "{{$}}",
              "--function_to_execute",
              "save_model_checkpoints_bq"
            ],
            "command": [
              "sh",
              "-c",
              "\nif ! [ -x \"$(command -v pip)\" ]; then\n    python3 -m ensurepip || python3 -m ensurepip --user || apt-get install python3-pip\nfi\n\nPIP_DISABLE_PIP_VERSION_CHECK=1 python3 -m pip install --quiet     --no-warn-script-location 'kfp==1.8.12' && \"$0\" \"$@\"\n",
              "sh",
              "-ec",
              "program_path=$(mktemp -d)\nprintf \"%s\" \"$0\" > \"$program_path/ephemeral_component.py\"\npython3 -m kfp.v2.components.executor_main                         --component_module_path                         \"$program_path/ephemeral_component.py\"                         \"$@\"\n",
              "\nimport kfp\nfrom kfp.v2 import dsl\nfrom kfp.v2.dsl import *\nfrom typing import *\n\ndef save_model_checkpoints_bq(project_id:str,checkpoints_table:str,rmse:float,pnf_fitter_param:dict,\n                              ggf_fitter_param:dict,pnf_path:Input[Model],ggf_path:Input[Model],model_version_number:int,train_dataset_size:int):\n\n    \"\"\"\n    Parameters\n    ----------\n    project_id : str\n        GCP project ID \n\n    CHECKPOINTS_TABLE : str\n        Checkpoints table ID\n\n    rmse : float\n        Root Mean Squared Error\n\n    pnf_fitter_param : dict\n        Pareto NBD model hyper parameters\n\n    ggf_fitter_param : dict\n        Gamma Gamma model hyper parameters\n\n    pnf_model : Input[Model]\n        Saved GCS Model Path\n\n    ggf_model : Input[Model]\n       Saved GCS Model Path\n\n    model_version_number : int\n       Model Version Number\n\n    train_dataset_size : int\n       Length of the training dataset\n    \"\"\"\n\n    import numpy as np\n    import datetime\n    from google.cloud import bigquery,storage\n\n    client = bigquery.Client(project=project_id)\n\n    #Appending model params to model checkpoints table\n    f = '%Y-%m-%d %H:%M:%S'\n    timestamp_now = datetime.datetime.now().strftime(f)\n\n    #Getting the gcs model paths\n    model_path=[f\"{pnf_path.path}_{model_version_number}.pkl\",\n                f\"{ggf_path.path}_{model_version_number}.pkl\"]\n\n\n    data=[{\"CREATED_TMS\":timestamp_now,'PARETO_NBD_R':pnf_fitter_param['r'],'PARETO_NBD_ALPHA':pnf_fitter_param['alpha'],'PARETO_NBD_S':pnf_fitter_param['s'],'PARETO_NBD_BETA':pnf_fitter_param['beta'],\n       'GAMMA_GAMMA_P':ggf_fitter_param['p'],'GAMMA_GAMMA_Q':ggf_fitter_param['q'],'GAMMA_GAMMA_V':ggf_fitter_param['v'],'RMSE':rmse,\n       'MODEL_NO':model_version_number,'TRAINING_DATASET_SIZE':train_dataset_size,'MODEL_PATH':model_path}]\n\n    errors=client.insert_rows_json(checkpoints_table,data)\n\n    if errors == []:\n        print(\"Model Checkpoints Saved\")\n    else:\n        print(\"Encountered errors while saving Model Checkpoints: {}\".format(errors))\n\n"
            ],
            "image": "gcr.io/deeplearning-platform-release/sklearn-cpu"
          }
        },
        "exec-train-ggf": {
          "container": {
            "args": [
              "--executor_input",
              "{{$}}",
              "--function_to_execute",
              "train_ggf"
            ],
            "command": [
              "sh",
              "-c",
              "\nif ! [ -x \"$(command -v pip)\" ]; then\n    python3 -m ensurepip || python3 -m ensurepip --user || apt-get install python3-pip\nfi\n\nPIP_DISABLE_PIP_VERSION_CHECK=1 python3 -m pip install --quiet     --no-warn-script-location 'Lifetimes==0.11.3' 'kfp==1.8.12' && \"$0\" \"$@\"\n",
              "sh",
              "-ec",
              "program_path=$(mktemp -d)\nprintf \"%s\" \"$0\" > \"$program_path/ephemeral_component.py\"\npython3 -m kfp.v2.components.executor_main                         --component_module_path                         \"$program_path/ephemeral_component.py\"                         \"$@\"\n",
              "\nimport kfp\nfrom kfp.v2 import dsl\nfrom kfp.v2.dsl import *\nfrom typing import *\n\ndef train_ggf(project_id:str,model_version_number:int,rfm_table:str,monetary_value_threshold:int,ggf_model:Output[Model])-> NamedTuple(    \n    \"Outputs\",\n    [\n        (\"ggf_params\", dict),\n    ],):\n\n    \"\"\"\n    Parameters\n    ----------\n    project_id : str\n        GCP project ID \n\n    rfm_table : str\n        RFM table ID\n\n    model_version_number : int\n        Model Version Number\n\n    ggf_model : Output[Model]\n       Saved GCS Model Path\n\n    \"\"\"\n\n    from lifetimes import ParetoNBDFitter,GammaGammaFitter\n    from google.cloud import bigquery,storage\n    import numpy as np\n\n    print(\"Training GAMMA GAMMA Model\")\n\n    def get_train_data(client: bigquery.Client,rfm_table:str):\n        print(\"Fetching Training Data For GAMMA GAMMA Model\")\n\n        sql_query = (f\"\"\" SELECT FREQUENCY,MONETARY_VALUE,CUSTOMER_ID FROM `{rfm_table}`\n                    WHERE CREATED_DATE=(SELECT MAX(CREATED_DATE) FROM `{rfm_table}`) AND FREQUENCY > 0 AND MONETARY_VALUE >0 AND MONETARY_VALUE <={monetary_value_threshold}\n                    \"\"\")\n\n        df = client.query(sql_query).to_dataframe()\n\n        return df\n\n\n    client = bigquery.Client(project=project_id)\n    train_data=get_train_data(client,rfm_table)\n\n    ggf = GammaGammaFitter(penalizer_coef=0)\n\n    ggf.fit(train_data['FREQUENCY'],train_data['MONETARY_VALUE'])\n\n    ggf_path=f\"{ggf_model.path}_{model_version_number}.pkl\"\n\n    ggf.save_model(ggf_path, save_data=False, save_generate_data_method=False)\n\n    return (eval(ggf.params_.to_json()),)\n\n"
            ],
            "image": "gcr.io/deeplearning-platform-release/sklearn-cpu"
          }
        },
        "exec-train-pnf": {
          "container": {
            "args": [
              "--executor_input",
              "{{$}}",
              "--function_to_execute",
              "train_pnf"
            ],
            "command": [
              "sh",
              "-c",
              "\nif ! [ -x \"$(command -v pip)\" ]; then\n    python3 -m ensurepip || python3 -m ensurepip --user || apt-get install python3-pip\nfi\n\nPIP_DISABLE_PIP_VERSION_CHECK=1 python3 -m pip install --quiet     --no-warn-script-location 'Lifetimes==0.11.3' 'kfp==1.8.12' && \"$0\" \"$@\"\n",
              "sh",
              "-ec",
              "program_path=$(mktemp -d)\nprintf \"%s\" \"$0\" > \"$program_path/ephemeral_component.py\"\npython3 -m kfp.v2.components.executor_main                         --component_module_path                         \"$program_path/ephemeral_component.py\"                         \"$@\"\n",
              "\nimport kfp\nfrom kfp.v2 import dsl\nfrom kfp.v2.dsl import *\nfrom typing import *\n\ndef train_pnf(project_id:str,model_version_number:int,rfm_table:str,pnf_model:Output[Model])-> NamedTuple(\n    \"Outputs\",\n    [\n        (\"rmse\", float),\n        (\"pnf_params\", dict),\n        (\"train_dataset_size\", int),\n    ],):\n\n    \"\"\"\n    Parameters\n    ----------\n    project_id : str\n        GCP project ID \n\n    rfm_table : str\n        RFM table ID\n\n    model_version_number : int\n        Model Version Number\n\n    pnf_model : Output[Model]\n        Saved GCS Model Path\n\n    \"\"\"\n\n    from lifetimes import ParetoNBDFitter,GammaGammaFitter\n    from google.cloud import bigquery,storage\n    import numpy as np\n\n    print(\"Training Pareto NBD Model\")\n\n    def get_train_data(client: bigquery.Client,rfm_table:str):\n        print(\"Fetching Training Data For Pareto NBD Model\")\n\n        sql_query = (f\"\"\" SELECT FREQUENCY,RECENCY,T,Count(CUSTOMER_ID) as SEGMENTS FROM `{rfm_table}`\n                    WHERE CREATED_DATE=(SELECT MAX(CREATED_DATE) FROM `{rfm_table}`)\n                    GROUP BY FREQUENCY,RECENCY,T \"\"\")\n\n        df = client.query(sql_query).to_dataframe().set_index('SEGMENTS')\n\n        return df\n\n\n    client = bigquery.Client(project=project_id)\n    train_data=get_train_data(client,rfm_table)\n\n    pnf = ParetoNBDFitter(penalizer_coef=0.0)\n\n    pnf.fit(train_data['FREQUENCY'], train_data['RECENCY'], train_data['T'],weights=train_data.index.tolist())\n\n    #Computing RMSE\n    simulated_data = pnf.generate_new_data(size=pnf.data.shape[0])\n    rmse=np.sqrt(np.mean(np.square(train_data['FREQUENCY'] - simulated_data['frequency'])))\n\n    pnf_path=f\"{pnf_model.path}_{model_version_number}.pkl\"\n\n    pnf.save_model(pnf_path, save_data=False, save_generate_data_method=False)\n\n    return (rmse,eval(pnf.params_.to_json()),int(train_data.index.get_level_values('SEGMENTS').values.sum()))\n\n"
            ],
            "image": "gcr.io/deeplearning-platform-release/sklearn-cpu"
          }
        }
      }
    },
    "pipelineInfo": {
      "name": "cltv-training-lifetime"
    },
    "root": {
      "dag": {
        "tasks": {
          "condition-model-training-data-check-1": {
            "componentRef": {
              "name": "comp-condition-model-training-data-check-1"
            },
            "dependentTasks": [
              "data-check"
            ],
            "inputs": {
              "parameters": {
                "pipelineparam--data-check-data_check_status": {
                  "taskOutputParameter": {
                    "outputParameterKey": "data_check_status",
                    "producerTask": "data-check"
                  }
                },
                "pipelineparam--data-check-model_version_number": {
                  "taskOutputParameter": {
                    "outputParameterKey": "model_version_number",
                    "producerTask": "data-check"
                  }
                },
                "pipelineparam--project_id": {
                  "componentInputParameter": "project_id"
                }
              }
            },
            "taskInfo": {
              "name": "condition-model-training-data-check-1"
            },
            "triggerPolicy": {
              "condition": "inputs.parameters['pipelineparam--data-check-data_check_status'].string_value == 'RFM Data Check Completed, Starting Training'"
            }
          },
          "data-check": {
            "cachingOptions": {},
            "componentRef": {
              "name": "comp-data-check"
            },
            "inputs": {
              "parameters": {
                "checkpoints_table": {
                  "runtimeValue": {
                    "constantValue": {
                      "stringValue": "curated.t_mdl_cltv_checkpoints"
                    }
                  }
                },
                "project_id": {
                  "componentInputParameter": "project_id"
                },
                "rfm_table": {
                  "runtimeValue": {
                    "constantValue": {
                      "stringValue": "curated.t_mdl_rfm"
                    }
                  }
                }
              }
            },
            "taskInfo": {
              "name": "data-check"
            }
          }
        }
      },
      "inputDefinitions": {
        "parameters": {
          "project_id": {
            "type": "STRING"
          }
        }
      }
    },
    "schemaVersion": "2.0.0",
    "sdkVersion": "kfp-1.8.12"
  },
  "runtimeConfig": {}
}