{
  "pipelineSpec": {
    "components": {
      "comp-condition-model-training-data-check-1": {
        "dag": {
          "tasks": {
            "save-model-checkpoints-bq": {
              "cachingOptions": {},
              "componentRef": {
                "name": "comp-save-model-checkpoints-bq"
              },
              "dependentTasks": [
                "train"
              ],
              "inputs": {
                "artifacts": {
                  "kmeans_model_path": {
                    "taskOutputArtifact": {
                      "outputArtifactKey": "kmeans_model_path",
                      "producerTask": "train"
                    }
                  },
                  "scaler_model_path": {
                    "taskOutputArtifact": {
                      "outputArtifactKey": "scaler_model_path",
                      "producerTask": "train"
                    }
                  }
                },
                "parameters": {
                  "checkpoints_table": {
                    "runtimeValue": {
                      "constantValue": {
                        "stringValue": "curated.t_mdl_kmeans_checkpoints"
                      }
                    }
                  },
                  "model_metric_data": {
                    "taskOutputParameter": {
                      "outputParameterKey": "model_metric_data",
                      "producerTask": "train"
                    }
                  },
                  "model_version_number": {
                    "taskOutputParameter": {
                      "outputParameterKey": "model_version_number",
                      "producerTask": "train"
                    }
                  },
                  "project_id": {
                    "componentInputParameter": "pipelineparam--project_id"
                  }
                }
              },
              "taskInfo": {
                "name": "save-model-checkpoints-bq"
              }
            },
            "train": {
              "cachingOptions": {},
              "componentRef": {
                "name": "comp-train"
              },
              "inputs": {
                "parameters": {
                  "checkpoints_table": {
                    "runtimeValue": {
                      "constantValue": {
                        "stringValue": "curated.t_mdl_kmeans_checkpoints"
                      }
                    }
                  },
                  "cltv_predictions_table": {
                    "runtimeValue": {
                      "constantValue": {
                        "stringValue": "curated.t_mdl_cltv_predictions"
                      }
                    }
                  },
                  "cluster_labels": {
                    "runtimeValue": {
                      "constantValue": {
                        "stringValue": "[\"Low Engaged\", \"Medium Engaged\", \"High Engaged\"]"
                      }
                    }
                  },
                  "kmeans_kwargs": {
                    "runtimeValue": {
                      "constantValue": {
                        "stringValue": "{\"init\": \"random\", \"n_init\": 10, \"max_iter\": 300, \"random_state\": 42}"
                      }
                    }
                  },
                  "number_cluster": {
                    "runtimeValue": {
                      "constantValue": {
                        "intValue": "3"
                      }
                    }
                  },
                  "project_id": {
                    "componentInputParameter": "pipelineparam--project_id"
                  },
                  "selected_features": {
                    "runtimeValue": {
                      "constantValue": {
                        "stringValue": "[\"FUTURE_12MO_PURCHASE\"]"
                      }
                    }
                  }
                }
              },
              "taskInfo": {
                "name": "train"
              }
            }
          }
        },
        "inputDefinitions": {
          "parameters": {
            "pipelineparam--data-check-data_check_status": {
              "type": "STRING"
            },
            "pipelineparam--project_id": {
              "type": "STRING"
            }
          }
        }
      },
      "comp-data-check": {
        "executorLabel": "exec-data-check",
        "inputDefinitions": {
          "parameters": {
            "cltv_predictions_table": {
              "type": "STRING"
            },
            "project_id": {
              "type": "STRING"
            }
          }
        },
        "outputDefinitions": {
          "parameters": {
            "data_check_status": {
              "type": "STRING"
            }
          }
        }
      },
      "comp-save-model-checkpoints-bq": {
        "executorLabel": "exec-save-model-checkpoints-bq",
        "inputDefinitions": {
          "artifacts": {
            "kmeans_model_path": {
              "artifactType": {
                "schemaTitle": "system.Model",
                "schemaVersion": "0.0.1"
              }
            },
            "scaler_model_path": {
              "artifactType": {
                "schemaTitle": "system.Model",
                "schemaVersion": "0.0.1"
              }
            }
          },
          "parameters": {
            "checkpoints_table": {
              "type": "STRING"
            },
            "model_metric_data": {
              "type": "STRING"
            },
            "model_version_number": {
              "type": "INT"
            },
            "project_id": {
              "type": "STRING"
            }
          }
        }
      },
      "comp-train": {
        "executorLabel": "exec-train",
        "inputDefinitions": {
          "parameters": {
            "checkpoints_table": {
              "type": "STRING"
            },
            "cltv_predictions_table": {
              "type": "STRING"
            },
            "cluster_labels": {
              "type": "STRING"
            },
            "kmeans_kwargs": {
              "type": "STRING"
            },
            "number_cluster": {
              "type": "INT"
            },
            "project_id": {
              "type": "STRING"
            },
            "selected_features": {
              "type": "STRING"
            }
          }
        },
        "outputDefinitions": {
          "artifacts": {
            "kmeans_model_path": {
              "artifactType": {
                "schemaTitle": "system.Model",
                "schemaVersion": "0.0.1"
              }
            },
            "scaler_model_path": {
              "artifactType": {
                "schemaTitle": "system.Model",
                "schemaVersion": "0.0.1"
              }
            }
          },
          "parameters": {
            "model_metric_data": {
              "type": "STRING"
            },
            "model_version_number": {
              "type": "INT"
            },
            "train_status": {
              "type": "STRING"
            }
          }
        }
      }
    },
    "deploymentSpec": {
      "executors": {
        "exec-data-check": {
          "container": {
            "args": [
              "--executor_input",
              "{{$}}",
              "--function_to_execute",
              "data_check"
            ],
            "command": [
              "sh",
              "-c",
              "\nif ! [ -x \"$(command -v pip)\" ]; then\n    python3 -m ensurepip || python3 -m ensurepip --user || apt-get install python3-pip\nfi\n\nPIP_DISABLE_PIP_VERSION_CHECK=1 python3 -m pip install --quiet     --no-warn-script-location 'kfp==1.8.12' && \"$0\" \"$@\"\n",
              "sh",
              "-ec",
              "program_path=$(mktemp -d)\nprintf \"%s\" \"$0\" > \"$program_path/ephemeral_component.py\"\npython3 -m kfp.v2.components.executor_main                         --component_module_path                         \"$program_path/ephemeral_component.py\"                         \"$@\"\n",
              "\nimport kfp\nfrom kfp.v2 import dsl\nfrom kfp.v2.dsl import *\nfrom typing import *\n\ndef data_check(project_id:str,cltv_predictions_table:str)-> NamedTuple(\n    \"Outputs\",\n    [\n       (\"data_check_status\",str)\n    ],):\n\n    \"\"\"\n    Parameters\n    ----------\n    project_id : str\n        GCP project ID \n\n    cltv_predictions_table : str\n        CLTV prediction table ID\n\n    \"\"\"\n\n    from google.cloud import bigquery,storage\n    import pandas as pd\n    import datetime\n\n    client = bigquery.Client(project=project_id)   \n\n    df=client.query( f\"\"\"select count(*) as length from  `{cltv_predictions_table}` \"\"\").to_dataframe()\n    if int(df['length'].values[0])<=2:\n        data_check_status=\"Not enough data in cltv prediction table, Skipping Training\"\n    else:\n        data_check_status=\"Data found in cltv prediction table, Starting Training\"\n\n    return (data_check_status,)\n\n"
            ],
            "image": "gcr.io/deeplearning-platform-release/sklearn-cpu"
          }
        },
        "exec-save-model-checkpoints-bq": {
          "container": {
            "args": [
              "--executor_input",
              "{{$}}",
              "--function_to_execute",
              "save_model_checkpoints_bq"
            ],
            "command": [
              "sh",
              "-c",
              "\nif ! [ -x \"$(command -v pip)\" ]; then\n    python3 -m ensurepip || python3 -m ensurepip --user || apt-get install python3-pip\nfi\n\nPIP_DISABLE_PIP_VERSION_CHECK=1 python3 -m pip install --quiet     --no-warn-script-location 'kfp==1.8.12' && \"$0\" \"$@\"\n",
              "sh",
              "-ec",
              "program_path=$(mktemp -d)\nprintf \"%s\" \"$0\" > \"$program_path/ephemeral_component.py\"\npython3 -m kfp.v2.components.executor_main                         --component_module_path                         \"$program_path/ephemeral_component.py\"                         \"$@\"\n",
              "\nimport kfp\nfrom kfp.v2 import dsl\nfrom kfp.v2.dsl import *\nfrom typing import *\n\ndef save_model_checkpoints_bq(project_id:str,checkpoints_table:str,kmeans_model_path:Input[Model],\n                              scaler_model_path:Input[Model],model_metric_data:list,model_version_number:int):\n\n    \"\"\"\n    Parameters\n    ----------\n    project_id : str\n        GCP project ID \n\n    checkpoints_table : str\n        Checkpoints table ID\n\n    kmeans_model_path : Input[Model]\n        Kmeans model GCS path \n\n    scaler_model_path : Input[Model]\n       Standard Scaler GCS path\n\n    model_version_number : int\n       Model Version Number\n\n    model_metric_data : list\n       model metric data such as rules, instance count, cltv_segment, cluster_id, concentration and training dataset size.\n    \"\"\"\n\n    import numpy as np\n    from google.cloud import bigquery\n\n    client = bigquery.Client(project=project_id)\n\n    for i in range(len(model_metric_data)):\n        model_metric_data[i]['MODEL_PATH']=[f\"{kmeans_model_path.path}_{model_version_number}.joblib\",\n                                                f\"{scaler_model_path.path}_{model_version_number}.joblib\"]\n\n\n    errors=client.insert_rows_json(checkpoints_table,model_metric_data)\n\n    if errors == []:\n        print(\"Model Checkpoints Saved\")\n    else:\n        print(\"Encountered errors while saving Model Checkpoints: {}\".format(errors))\n\n"
            ],
            "image": "gcr.io/deeplearning-platform-release/sklearn-cpu"
          }
        },
        "exec-train": {
          "container": {
            "args": [
              "--executor_input",
              "{{$}}",
              "--function_to_execute",
              "train"
            ],
            "command": [
              "sh",
              "-c",
              "\nif ! [ -x \"$(command -v pip)\" ]; then\n    python3 -m ensurepip || python3 -m ensurepip --user || apt-get install python3-pip\nfi\n\nPIP_DISABLE_PIP_VERSION_CHECK=1 python3 -m pip install --quiet     --no-warn-script-location 'kfp==1.8.12' && \"$0\" \"$@\"\n",
              "sh",
              "-ec",
              "program_path=$(mktemp -d)\nprintf \"%s\" \"$0\" > \"$program_path/ephemeral_component.py\"\npython3 -m kfp.v2.components.executor_main                         --component_module_path                         \"$program_path/ephemeral_component.py\"                         \"$@\"\n",
              "\nimport kfp\nfrom kfp.v2 import dsl\nfrom kfp.v2.dsl import *\nfrom typing import *\n\ndef train(project_id:str,cltv_predictions_table:str,number_cluster:int,\n          kmeans_kwargs:dict,selected_features:list,checkpoints_table:str,cluster_labels:list,\n         scaler_model_path:Output[Model],kmeans_model_path:Output[Model])-> NamedTuple(\"Outputs\",\n                                                                                [\n                                                                                    (\"model_metric_data\", list),\n                                                                                    (\"model_version_number\",int),\n                                                                                    (\"train_status\",str)\n                                                                                ],):\n    \"\"\"\n    Parameters\n    ----------\n    project_id : str\n        GCP project ID \n\n    cltv_predictions_table : str\n        CLTV prediction table ID\n\n    number_cluster:int\n        kmeans cluster size(Default:3)\n\n    kmeans_kwargs:dict\n        kmeans default arguments\n\n    selected_features:list\n        selected features to be passed during kmeans model training\n\n    checkpoints_table:str\n        kmeans checkpoints table ID\n\n    cluster_labels:list\n        clusters mapped with a defined set of labels. such as low, mid and high\n\n     scaler_model_path:Output[Model]\n         Standard scaler .pkl GCS path\n\n     kmeans_model_path:Output[Model]\n         kmeans model .pkl GCS path\n\n    \"\"\"\n\n    ################################ Required Imports ##########################################\n    from google.cloud import bigquery,storage\n    from sklearn.cluster import KMeans\n    from sklearn.metrics import silhouette_score \n    from sklearn.preprocessing import StandardScaler\n    from sklearn.tree import _tree, DecisionTreeClassifier\n    import joblib\n    import pandas as pd\n    import datetime\n\n\n    ########################## Configs ########################################################\n    client = bigquery.Client(project=project_id)\n    scaler = StandardScaler()\n    kmeans = KMeans(n_clusters=number_cluster, **kmeans_kwargs)\n\n\n    ####################### Data Loader ##########################################################\n    def get_train_data() -> pd.DataFrame:\n\n        print(\"Fetching Training Data\")\n\n        sql_query = (f\"\"\"SELECT FUTURE_12MO_PURCHASE,Count(CUSTOMER_ID) as SEGMENTS FROM `{cltv_predictions_table}` GROUP BY FUTURE_12MO_PURCHASE\"\"\")\n\n        df = client.query(sql_query).to_dataframe()\n\n        return df\n\n    ################# Recursive Decision Tree to Extract Rules #####################################\n    def get_class_rules(tree: DecisionTreeClassifier, feature_names: list) -> dict:\n        inner_tree: _tree.Tree = tree.tree_\n        classes = tree.classes_\n        class_rules_dict = dict()\n\n        def tree_dfs(node_id=0, current_rule=[]):\n            # feature[i] holds the feature to split on, for the internal node i.\n            split_feature = inner_tree.feature[node_id]\n            if split_feature != _tree.TREE_UNDEFINED: # internal node\n                name = feature_names[split_feature]\n                threshold = inner_tree.threshold[node_id]\n                # left child\n                left_rule = current_rule + [{name+\"_rule\":f\"<= {threshold}\"}]\n                tree_dfs(inner_tree.children_left[node_id], left_rule)\n                # right child\n                right_rule = current_rule + [{name+\"_rule\":f\"> {threshold}\"}]\n                tree_dfs(inner_tree.children_right[node_id], right_rule)\n            else: # leaf\n                dist = inner_tree.value[node_id][0]\n                dist = dist/dist.sum()\n                max_idx = dist.argmax()\n                if len(current_rule) == 0:\n                    rule_string = [\"ALL\"]\n                else:\n                    rule_string = current_rule\n                # register new rule to dictionary\n                selected_class = classes[max_idx]\n                class_probability = dist[max_idx]\n                class_rules = class_rules_dict.get(selected_class, [])\n                print(rule_string)\n                class_rules.append(rule_string+ [{\"CONCENTRATION\":class_probability}])\n                class_rules_dict[selected_class] = class_rules\n\n        tree_dfs() # start from root, node_id = 0\n        return class_rules_dict\n\n    ######################### Interpreting cluster result by fitting a decision tree #############################\n    def interpret_cluster_results(data: pd.DataFrame, clusters, min_samples_leaf=50, pruning_level=0.01) -> pd.DataFrame:\n        # Create Model\n        tree = DecisionTreeClassifier(min_samples_leaf=min_samples_leaf, ccp_alpha=pruning_level)\n        tree.fit(data, clusters)\n\n        # Generate Report\n        feature_names = data.columns\n        class_rule_dict = get_class_rules(tree, feature_names)\n        rules_df = pd.DataFrame(columns=data.columns.to_series().add_suffix('_rule').index.tolist()+['CONCENTRATION','CLUSTER_ID'])\n        report_class_list=[]\n        for class_name in class_rule_dict.keys():\n            rule_list = class_rule_dict[class_name]\n            combined_string = \"\"\n            temp={}\n            for rule in rule_list:\n                for value_ in rule:\n                    if value_!='ALL':\n                        temp.update(value_)\n                temp['CLUSTER_ID']=class_name\n                rules_df=pd.concat([rules_df,pd.DataFrame([temp])])\n\n        cluster_instance_df = pd.Series(clusters).value_counts().reset_index()\n        cluster_instance_df.columns = ['CLUSTER_ID', 'INSTANCE_COUNT']\n        # report_df = pd.DataFrame(report_class_list, columns=['class_name', 'rule_list'])\n        report_df = pd.merge(cluster_instance_df, rules_df, on='CLUSTER_ID', how='left')\n        report_df=report_df.drop_duplicates(['CLUSTER_ID'])\n        return report_df\n\n\n    ######################### Getting the train data and scaling the data using scaler #############################\n    train_data = get_train_data()\n\n    if len(train_data) <=1:\n        train_status=\"Not enough data in cltv prediction table to train the model,Skipping Training\"\n        return ([],0,train_status)\n\n    scaled_train_data= scaler.fit_transform(train_data.loc[:,selected_features])\n\n    # Model Version, Get the latest model Number\n    model_version_number=client.query(f\"SELECT max(MODEL_NO) FROM `{checkpoints_table}`\").to_dataframe()\n    if model_version_number.isna().values[0]:\n        model_version_number=1\n    else:\n        model_version_number+=1\n        model_version_number=int(model_version_number.values[0][0])\n\n    ######################### Kmeans  Training ######################################    \n    kmeans_cluster=kmeans.fit_predict(scaled_train_data,sample_weight=train_data['SEGMENTS'])\n    score = silhouette_score(scaled_train_data, kmeans.labels_).round(2)\n\n    print(f\"Number of Cluster:{number_cluster}, Score:{score}\")\n\n    ######################## Interpreting the cluster results ###################################\n    model_metric_data=interpret_cluster_results(train_data.drop(['SEGMENTS'],axis=1),kmeans_cluster).fillna(0)\n    #Appending model params to model checkpoints table\n    f = '%Y-%m-%d %H:%M:%S'\n    timestamp_now = datetime.datetime.now().strftime(f)\n    model_metric_data['CREATED_TMS']=timestamp_now\n    model_metric_data['MODEL_NO']=model_version_number\n\n    ######################### Mapping Clusters with label names #################################\n    array_=pd.DataFrame(scaler.inverse_transform(kmeans.cluster_centers_),columns=['FUTURE_12MO_PURCHASE_MEAN'])\n    array_['multiplier']= array_['FUTURE_12MO_PURCHASE_MEAN']\n    array_['CLUSTER_ID']=array_.index.values\n    array_['CLTV_SEGMENT']=pd.qcut(array_['multiplier'],3,labels=cluster_labels)\n    model_metric_data['RULES']='FUTURE_12MO_PURCHASE:'+model_metric_data['FUTURE_12MO_PURCHASE_rule'].astype(str)\n    model_metric_data=pd.merge(model_metric_data.drop(['FUTURE_12MO_PURCHASE_rule'],axis=1),\n                               array_.drop(['multiplier'],axis=1),left_on='CLUSTER_ID',right_on=\"CLUSTER_ID\")\n    model_metric_data['CONCENTRATION']=pd.to_numeric(model_metric_data['CONCENTRATION'])\n\n    model_metric_data['TRAINING_DATASET_SIZE']=train_data['SEGMENTS'].sum()\n\n    model_metric_data=eval(model_metric_data.to_json(orient='records'))\n\n    ########################## Saving model to GCS ################################################\n    kmeans_path=f\"{kmeans_model_path.path}_{model_version_number}.joblib\"\n    scalar_path=f\"{scaler_model_path.path}_{model_version_number}.joblib\"\n\n    joblib.dump(kmeans,kmeans_path)\n    joblib.dump(scaler,scalar_path)\n\n    return (model_metric_data,model_version_number,\"Completed\")\n\n"
            ],
            "image": "gcr.io/deeplearning-platform-release/sklearn-cpu"
          }
        }
      }
    },
    "pipelineInfo": {
      "name": "kmeans-training"
    },
    "root": {
      "dag": {
        "tasks": {
          "condition-model-training-data-check-1": {
            "componentRef": {
              "name": "comp-condition-model-training-data-check-1"
            },
            "dependentTasks": [
              "data-check"
            ],
            "inputs": {
              "parameters": {
                "pipelineparam--data-check-data_check_status": {
                  "taskOutputParameter": {
                    "outputParameterKey": "data_check_status",
                    "producerTask": "data-check"
                  }
                },
                "pipelineparam--project_id": {
                  "componentInputParameter": "project_id"
                }
              }
            },
            "taskInfo": {
              "name": "condition-model-training-data-check-1"
            },
            "triggerPolicy": {
              "condition": "inputs.parameters['pipelineparam--data-check-data_check_status'].string_value == 'Data found in cltv prediction table, Starting Training'"
            }
          },
          "data-check": {
            "cachingOptions": {},
            "componentRef": {
              "name": "comp-data-check"
            },
            "inputs": {
              "parameters": {
                "cltv_predictions_table": {
                  "runtimeValue": {
                    "constantValue": {
                      "stringValue": "curated.t_mdl_cltv_predictions"
                    }
                  }
                },
                "project_id": {
                  "componentInputParameter": "project_id"
                }
              }
            },
            "taskInfo": {
              "name": "data-check"
            }
          }
        }
      },
      "inputDefinitions": {
        "parameters": {
          "project_id": {
            "type": "STRING"
          }
        }
      }
    },
    "schemaVersion": "2.0.0",
    "sdkVersion": "kfp-1.8.12"
  },
  "runtimeConfig": {}
}