{
  "pipelineSpec": {
    "components": {
      "comp-condition-data-check-1": {
        "dag": {
          "tasks": {
            "get-model": {
              "cachingOptions": {},
              "componentRef": {
                "name": "comp-get-model"
              },
              "inputs": {
                "parameters": {
                  "bucket_id": {
                    "componentInputParameter": "pipelineparam--bucket_id"
                  },
                  "checkpoints_table": {
                    "runtimeValue": {
                      "constantValue": {
                        "stringValue": "curated.t_mdl_kmeans_checkpoints"
                      }
                    }
                  },
                  "project_name": {
                    "componentInputParameter": "pipelineparam--project_id"
                  }
                }
              },
              "taskInfo": {
                "name": "get-model"
              }
            },
            "inference": {
              "cachingOptions": {},
              "componentRef": {
                "name": "comp-inference"
              },
              "dependentTasks": [
                "get-model",
                "prepare-batches"
              ],
              "inputs": {
                "artifacts": {
                  "kmeans_model_path": {
                    "taskOutputArtifact": {
                      "outputArtifactKey": "kmeans_model_path",
                      "producerTask": "get-model"
                    }
                  },
                  "scaler_model_path": {
                    "taskOutputArtifact": {
                      "outputArtifactKey": "scaler_model_path",
                      "producerTask": "get-model"
                    }
                  }
                },
                "parameters": {
                  "batches": {
                    "taskOutputParameter": {
                      "outputParameterKey": "batches",
                      "producerTask": "prepare-batches"
                    }
                  },
                  "cltv_prediction_table": {
                    "runtimeValue": {
                      "constantValue": {
                        "stringValue": "curated.t_mdl_cltv_predictions"
                      }
                    }
                  },
                  "model_info": {
                    "taskOutputParameter": {
                      "outputParameterKey": "model_info",
                      "producerTask": "get-model"
                    }
                  },
                  "prediction_table": {
                    "runtimeValue": {
                      "constantValue": {
                        "stringValue": "curated.t_mdl_kmeans_predictions"
                      }
                    }
                  },
                  "project_id": {
                    "componentInputParameter": "pipelineparam--project_id"
                  }
                }
              },
              "taskInfo": {
                "name": "inference"
              }
            },
            "prepare-batches": {
              "cachingOptions": {},
              "componentRef": {
                "name": "comp-prepare-batches"
              },
              "inputs": {
                "parameters": {
                  "batch_size": {
                    "runtimeValue": {
                      "constantValue": {
                        "intValue": "10000000"
                      }
                    }
                  },
                  "cltv_predictions_table": {
                    "runtimeValue": {
                      "constantValue": {
                        "stringValue": "curated.t_mdl_cltv_predictions"
                      }
                    }
                  },
                  "project_name": {
                    "componentInputParameter": "pipelineparam--project_id"
                  }
                }
              },
              "taskInfo": {
                "name": "prepare-batches"
              }
            }
          }
        },
        "inputDefinitions": {
          "parameters": {
            "pipelineparam--bucket_id": {
              "type": "STRING"
            },
            "pipelineparam--data-check-data_check_status": {
              "type": "STRING"
            },
            "pipelineparam--project_id": {
              "type": "STRING"
            }
          }
        }
      },
      "comp-data-check": {
        "executorLabel": "exec-data-check",
        "inputDefinitions": {
          "parameters": {
            "cltv_predictions_table": {
              "type": "STRING"
            },
            "prediction_table": {
              "type": "STRING"
            },
            "prediction_table_schema": {
              "type": "STRING"
            },
            "project_id": {
              "type": "STRING"
            }
          }
        },
        "outputDefinitions": {
          "parameters": {
            "data_check_status": {
              "type": "STRING"
            }
          }
        }
      },
      "comp-get-model": {
        "executorLabel": "exec-get-model",
        "inputDefinitions": {
          "parameters": {
            "bucket_id": {
              "type": "STRING"
            },
            "checkpoints_table": {
              "type": "STRING"
            },
            "project_name": {
              "type": "STRING"
            }
          }
        },
        "outputDefinitions": {
          "artifacts": {
            "kmeans_model_path": {
              "artifactType": {
                "schemaTitle": "system.Model",
                "schemaVersion": "0.0.1"
              }
            },
            "scaler_model_path": {
              "artifactType": {
                "schemaTitle": "system.Model",
                "schemaVersion": "0.0.1"
              }
            }
          },
          "parameters": {
            "model_info": {
              "type": "STRING"
            }
          }
        }
      },
      "comp-inference": {
        "executorLabel": "exec-inference",
        "inputDefinitions": {
          "artifacts": {
            "kmeans_model_path": {
              "artifactType": {
                "schemaTitle": "system.Model",
                "schemaVersion": "0.0.1"
              }
            },
            "scaler_model_path": {
              "artifactType": {
                "schemaTitle": "system.Model",
                "schemaVersion": "0.0.1"
              }
            }
          },
          "parameters": {
            "batches": {
              "type": "STRING"
            },
            "cltv_prediction_table": {
              "type": "STRING"
            },
            "model_info": {
              "type": "STRING"
            },
            "prediction_table": {
              "type": "STRING"
            },
            "project_id": {
              "type": "STRING"
            }
          }
        }
      },
      "comp-prepare-batches": {
        "executorLabel": "exec-prepare-batches",
        "inputDefinitions": {
          "parameters": {
            "batch_size": {
              "type": "INT"
            },
            "cltv_predictions_table": {
              "type": "STRING"
            },
            "project_name": {
              "type": "STRING"
            }
          }
        },
        "outputDefinitions": {
          "parameters": {
            "batches": {
              "type": "STRING"
            }
          }
        }
      }
    },
    "deploymentSpec": {
      "executors": {
        "exec-data-check": {
          "container": {
            "args": [
              "--executor_input",
              "{{$}}",
              "--function_to_execute",
              "data_check"
            ],
            "command": [
              "sh",
              "-c",
              "\nif ! [ -x \"$(command -v pip)\" ]; then\n    python3 -m ensurepip || python3 -m ensurepip --user || apt-get install python3-pip\nfi\n\nPIP_DISABLE_PIP_VERSION_CHECK=1 python3 -m pip install --quiet     --no-warn-script-location 'pandas-gbq==0.17.4' 'kfp==1.8.12' && \"$0\" \"$@\"\n",
              "sh",
              "-ec",
              "program_path=$(mktemp -d)\nprintf \"%s\" \"$0\" > \"$program_path/ephemeral_component.py\"\npython3 -m kfp.v2.components.executor_main                         --component_module_path                         \"$program_path/ephemeral_component.py\"                         \"$@\"\n",
              "\nimport kfp\nfrom kfp.v2 import dsl\nfrom kfp.v2.dsl import *\nfrom typing import *\n\ndef data_check(project_id:str,cltv_predictions_table:str,prediction_table:str,prediction_table_schema:list)-> NamedTuple(\n    \"Outputs\",\n    [\n       (\"data_check_status\",str)\n    ],):\n\n    \"\"\"\n    Parameters\n    ----------\n    project_id : str\n        GCP project ID \n\n    cltv_predictions_table : str\n        CLTV predictions table ID\n\n    prediction_table : str\n        Model prediction table\n\n    prediction_table_schema : list\n        Schema for model prediction table\n\n    \"\"\"\n\n    from google.cloud import bigquery,storage\n    import pandas as pd\n    import pandas_gbq\n    import datetime\n\n    client = bigquery.Client(project=project_id)   \n\n    df=client.query( f\"\"\"select count(*) as length from  `{cltv_predictions_table}` \"\"\").to_dataframe()\n    if int(df['length'].values[0])<=1:\n        data_check_status=\"Not enough data in cltv prediction table, Skipping Inference\"\n    else:\n        data_check_status=\"Data found in cltv prediction table, Starting inference\"\n\n    ################# Cleaning previous prediction #################\n    df=pd.DataFrame(columns=['CUSTOMER_ID','CLUSTER_ID','CLTV_SEGMENT','CREATED_TMS'])\n    pandas_gbq.to_gbq(df, prediction_table, project_id=project_id,if_exists=\"replace\",table_schema=prediction_table_schema)\n\n    return (data_check_status,)\n\n"
            ],
            "image": "gcr.io/deeplearning-platform-release/sklearn-cpu"
          }
        },
        "exec-get-model": {
          "container": {
            "args": [
              "--executor_input",
              "{{$}}",
              "--function_to_execute",
              "get_model"
            ],
            "command": [
              "sh",
              "-c",
              "\nif ! [ -x \"$(command -v pip)\" ]; then\n    python3 -m ensurepip || python3 -m ensurepip --user || apt-get install python3-pip\nfi\n\nPIP_DISABLE_PIP_VERSION_CHECK=1 python3 -m pip install --quiet     --no-warn-script-location 'kfp==1.8.12' && \"$0\" \"$@\"\n",
              "sh",
              "-ec",
              "program_path=$(mktemp -d)\nprintf \"%s\" \"$0\" > \"$program_path/ephemeral_component.py\"\npython3 -m kfp.v2.components.executor_main                         --component_module_path                         \"$program_path/ephemeral_component.py\"                         \"$@\"\n",
              "\nimport kfp\nfrom kfp.v2 import dsl\nfrom kfp.v2.dsl import *\nfrom typing import *\n\ndef get_model(project_name:str,checkpoints_table:str,bucket_id:str,\n                          kmeans_model_path:Output[Model],scaler_model_path:Output[Model])-> NamedTuple(\n    \"Outputs\",\n    [\n       (\"model_info\",list)\n    ],):\n\n    \"\"\"\n    Parameters\n    ----------\n    project_id : str\n        GCP project ID \n\n    checkpoints_table : str\n        Model checkpoints table\n\n    bucket_id : str\n        GCS bucket id to save and retrieve the model \n\n    kmeans_model_path:Output[Model]\n        Kmeans Model GCS path\n\n    scaler_model_path:Output[Model]\n        Standard Scalar GCS path\n\n    \"\"\"\n\n\n    from google.cloud import bigquery,storage\n\n\n    client = bigquery.Client(project=project_name)   \n    # Get the latest model\n    model_info=client.query(f\"\"\"SELECT MODEL_NO, MODEL_PATH,CLUSTER_ID,CLTV_SEGMENT FROM `{checkpoints_table}` \n                                          WHERE MODEL_NO=(SELECT max(MODEL_NO) FROM `{checkpoints_table}`)\"\"\").to_dataframe()\n\n    model_number=int(model_info['MODEL_NO'].values[0])\n\n    bucket=storage.Client(project=project_name).bucket(bucket_id)\n\n    path_=model_info['MODEL_PATH'].values[0][0].split(\"/\")[3:]\n    path_='/'.join(map(str, path_))\n    blob = bucket.blob(path_)\n    print(f\"Downloading blob:{blob.name}\")\n\n    destination_uri = f\"{kmeans_model_path.path}_{model_number}.joblib\"\n    print(\"Destination_path\",destination_uri)\n    blob.download_to_filename(destination_uri)\n\n    path_=model_info['MODEL_PATH'].values[0][1].split(\"/\")[3:]\n    path_='/'.join(map(str, path_))\n    blob = bucket.blob(path_)\n    print(f\"Downloading blob:{blob.name}\")\n\n    destination_uri = f\"{scaler_model_path.path}_{model_number}.joblib\"\n    print(\"Destination_path\",destination_uri)\n    blob.download_to_filename(destination_uri)\n\n    return (eval(model_info.to_json(orient='records')),)\n\n"
            ],
            "image": "gcr.io/deeplearning-platform-release/sklearn-cpu"
          }
        },
        "exec-inference": {
          "container": {
            "args": [
              "--executor_input",
              "{{$}}",
              "--function_to_execute",
              "inference"
            ],
            "command": [
              "sh",
              "-c",
              "\nif ! [ -x \"$(command -v pip)\" ]; then\n    python3 -m ensurepip || python3 -m ensurepip --user || apt-get install python3-pip\nfi\n\nPIP_DISABLE_PIP_VERSION_CHECK=1 python3 -m pip install --quiet     --no-warn-script-location 'pandas-gbq==0.17.4' 'kfp==1.8.12' && \"$0\" \"$@\"\n",
              "sh",
              "-ec",
              "program_path=$(mktemp -d)\nprintf \"%s\" \"$0\" > \"$program_path/ephemeral_component.py\"\npython3 -m kfp.v2.components.executor_main                         --component_module_path                         \"$program_path/ephemeral_component.py\"                         \"$@\"\n",
              "\nimport kfp\nfrom kfp.v2 import dsl\nfrom kfp.v2.dsl import *\nfrom typing import *\n\ndef inference(project_id:str,batches:dict,model_info:list,kmeans_model_path:Input[Model],\n              scaler_model_path:Input[Model],prediction_table:str,cltv_prediction_table:str):\n\n    \"\"\"\n    Parameters\n    ----------\n    project_id : str\n        GCP project ID \n\n    batches : dict\n        The batches to run inference\n\n    model_info : list\n        Latest  trained Model info from checkpoints table \n\n    kmeans_model_path:Input[Model]\n        Kmeans model GCS path\n\n    scaler_model_path:Input[Model]\n        Standard Scaler GCS path\n\n    prediction_table:str\n        Bigquery prediction table ID\n\n    cltv_prediction_table:str\n        Bigquery CLTV prediction table ID\n\n    \"\"\"\n\n    import joblib\n    import pandas as pd\n    import pandas_gbq\n    import datetime\n    from google.cloud import bigquery\n\n    model_info=pd.DataFrame(model_info)\n    model_no=int(model_info['MODEL_NO'].values[0])\n\n    print(\"Loading Kmeans Model\")\n    kmeans=joblib.load(f\"{kmeans_model_path.path}_{model_no}.joblib\")\n\n    print(\"Loading scaler\")\n    scaler=joblib.load(f\"{scaler_model_path.path}_{model_no}.joblib\")\n\n    client = bigquery.Client(project=project_id)\n\n    def get_data_batch(limit:int, offset:int) -> pd.DataFrame:\n\n        print(\"Fetching Data\")\n\n        sql_query = (f\"\"\"select FUTURE_12MO_PURCHASE,CUSTOMER_ID from `{cltv_prediction_table}` limit {limit} offset {offset}\"\"\")\n\n        df = client.query(sql_query).to_dataframe().set_index('CUSTOMER_ID')\n\n        return df\n\n    def compute_kpi(data:pd.DataFrame) -> pd.DataFrame:\n\n        scaled_features=scaler.transform(data)\n\n        data['CLUSTER_ID']=kmeans.predict(scaled_features)\n\n        data=pd.merge(data.reset_index(),model_info.drop(['MODEL_NO','MODEL_PATH'],axis=1),left_on='CLUSTER_ID',right_on='CLUSTER_ID')\n\n        return data\n\n    def save_metric_bq(data:pd.DataFrame):\n        print(\"Saving computed KPI's to bigquery\")\n\n        table_id=f\"{prediction_table}\"\n        pandas_gbq.to_gbq(data.drop(['FUTURE_12MO_PURCHASE'],axis=1), table_id, project_id=project_id,if_exists=\"append\")\n\n    def batch_prediction():\n\n        for key,value in batches.items():\n\n            #Loading the data\n            df=get_data_batch(value['limit'],value['offset'])  \n\n            #computing KPI's for next 12 months\n            df=compute_kpi(df)\n\n            #adding timestamp to the dataframe\n            f = '%Y-%m-%d %H:%M:%S'\n            timestamp_now = datetime.datetime.now().strftime(f)\n            df['CREATED_TMS']=timestamp_now\n\n            save_metric_bq(df)\n        print(\"Batch Prediction Completed\")\n\n    batch_prediction()\n\n"
            ],
            "image": "gcr.io/deeplearning-platform-release/sklearn-cpu"
          }
        },
        "exec-prepare-batches": {
          "container": {
            "args": [
              "--executor_input",
              "{{$}}",
              "--function_to_execute",
              "prepare_batches"
            ],
            "command": [
              "sh",
              "-c",
              "\nif ! [ -x \"$(command -v pip)\" ]; then\n    python3 -m ensurepip || python3 -m ensurepip --user || apt-get install python3-pip\nfi\n\nPIP_DISABLE_PIP_VERSION_CHECK=1 python3 -m pip install --quiet     --no-warn-script-location 'kfp==1.8.12' && \"$0\" \"$@\"\n",
              "sh",
              "-ec",
              "program_path=$(mktemp -d)\nprintf \"%s\" \"$0\" > \"$program_path/ephemeral_component.py\"\npython3 -m kfp.v2.components.executor_main                         --component_module_path                         \"$program_path/ephemeral_component.py\"                         \"$@\"\n",
              "\nimport kfp\nfrom kfp.v2 import dsl\nfrom kfp.v2.dsl import *\nfrom typing import *\n\ndef prepare_batches(project_name:str,batch_size:int,cltv_predictions_table:str)-> NamedTuple(\n    \"Outputs\",\n    [\n       (\"batches\",dict)\n    ],):\n\n\n    \"\"\"\n    Parameters\n    ----------\n    project_name : str\n        GCP project ID \n\n    batch_size : int\n        Number rows in a batch\n\n    cltv_predictions_table : str\n        Bigquery Cltv predictions table ID.\n\n    \"\"\"    \n\n    print(\"Preparing Data in Batches\")\n\n    from google.cloud import bigquery\n\n    client = bigquery.Client(project=project_name)   \n\n    total_rows=client.query(f\"SELECT count(distinct CUSTOMER_ID) as total_row  FROM `{cltv_predictions_table}`\").to_dataframe().values[0][0]\n\n    batches={}\n\n    for index,offset  in enumerate(range(0,total_rows,batch_size)):\n        batches[f\"batch{index}\"]={'limit':batch_size,'offset':offset}\n\n    return (batches,)\n\n"
            ],
            "image": "gcr.io/deeplearning-platform-release/sklearn-cpu"
          }
        }
      }
    },
    "pipelineInfo": {
      "name": "kmeans-inference"
    },
    "root": {
      "dag": {
        "tasks": {
          "condition-Data-check-1": {
            "componentRef": {
              "name": "comp-condition-data-check-1"
            },
            "dependentTasks": [
              "data-check"
            ],
            "inputs": {
              "parameters": {
                "pipelineparam--bucket_id": {
                  "componentInputParameter": "bucket_id"
                },
                "pipelineparam--data-check-data_check_status": {
                  "taskOutputParameter": {
                    "outputParameterKey": "data_check_status",
                    "producerTask": "data-check"
                  }
                },
                "pipelineparam--project_id": {
                  "componentInputParameter": "project_id"
                }
              }
            },
            "taskInfo": {
              "name": "condition-Data-check-1"
            },
            "triggerPolicy": {
              "condition": "inputs.parameters['pipelineparam--data-check-data_check_status'].string_value == 'Data found in cltv prediction table, Starting inference'"
            }
          },
          "data-check": {
            "cachingOptions": {},
            "componentRef": {
              "name": "comp-data-check"
            },
            "inputs": {
              "parameters": {
                "cltv_predictions_table": {
                  "runtimeValue": {
                    "constantValue": {
                      "stringValue": "curated.t_mdl_cltv_predictions"
                    }
                  }
                },
                "prediction_table": {
                  "runtimeValue": {
                    "constantValue": {
                      "stringValue": "curated.t_mdl_kmeans_predictions"
                    }
                  }
                },
                "prediction_table_schema": {
                  "runtimeValue": {
                    "constantValue": {
                      "stringValue": "[{\"name\": \"CUSTOMER_ID\", \"type\": \"INTEGER\"}, {\"name\": \"CLUSTER_ID\", \"type\": \"INTEGER\"}, {\"name\": \"CLTV_SEGMENT\", \"type\": \"STRING\"}, {\"name\": \"CREATED_TMS\", \"type\": \"STRING\"}]"
                    }
                  }
                },
                "project_id": {
                  "componentInputParameter": "project_id"
                }
              }
            },
            "taskInfo": {
              "name": "data-check"
            }
          }
        }
      },
      "inputDefinitions": {
        "parameters": {
          "bucket_id": {
            "type": "STRING"
          },
          "project_id": {
            "type": "STRING"
          }
        }
      }
    },
    "schemaVersion": "2.0.0",
    "sdkVersion": "kfp-1.8.12"
  },
  "runtimeConfig": {}
}