column_name,column_description,table_name,valid_values_or_link to_lookup_tab
pat_key,Unique hospital encounter identifier (de-identified),PATDEMO,
medrec_key,Unique patient identifier (de-identified) defined by medical record number and hospital entity. Use this field to track a patient across multiple inpatient and/or outpatient encounters at the same hospital.,PATDEMO,
admit_date,Admission date,PATDEMO,
discharge_date,Discharge date,PATDEMO,
prov_id,Hospital entity ID (de-identified),PATDEMO,
i_o_ind,Inpatient/Outpatient indicator,PATDEMO," I - Inpatient
O - Outpatient"
pat_type,"A Premier mapped field to denote service type of hospital
encounter. All hospitals must submit Inpatient (08)
encounters to Premier. All other Inpatient and Outpatient
encounters are optional. Hospitals may opt to submit only
select Outpatient encounters. For example, a hospital may
opt to only send Outpatient Emergency and Same Day Surgery
patient types.",PATDEMO,
ms_drg,"Medicare Severity Diagnosis-Related Group (MS-DRG).
Assigned to inpatient encounters only.
The MS-DRG system became effective with discharges
occurring on or after October 1, 2007. For this extract,
the 2007 version of MS-DRG was used to calculate MS-DRG
for discharges occurring prior to October 1, 2007.",PATDEMO,
ms_drg_mdc,"Major diagnostic category. A broad classification of
diagnoses typically grouped by body system. In
prospective payment systems, each patient is first
classified by principal diagnosis into an MDC.",PATDEMO,
point_of_origin,"UB-04 Point of Origin (formerly Source of Admission) code.
Focuses on where the patient was prior to presenting to
the health care facility.",PATDEMO,
adm_type,UB-04 Admission type code,PATDEMO,
disc_status,UB-04 Discharge status code,PATDEMO,
mart_status,"UB-04 Marital Status. Some marital status designations
have been rolled into ""Other"" to ensure that the data set
conforms to HIPAA and other regulatory requirements.",PATDEMO,"M - Married
S - Single
O - Other
U - Unknown"
age,"Patient age in years, calculated as admission date - date
of birth. Patient age 90 and above are assigned an age of
89 per HIPAA regulations.",PATDEMO,
gender,UB-04 Gender designation,PATDEMO,"M - Male
F - Female
U - Unknown"
race,"UB-04 Race designation. Some race designations have been
rolled into ""Other"" to ensure that the data set conforms
to HIPAA and other regulatory requirements.
Hispanic ethnicity was reported on the UB-04 as a race
designation up until June 30, 2011. After that time,
Hispanic ethnicity was no longer an option for race
designation. See hispanic_ind.",PATDEMO,"W - White
B - Black
H - Hispanic
A - Asian
O - Other
U - Unable to determine"
hispanic_ind,"Hispanic indicator (derived from the UB-04 Ethnicity
designation)",PATDEMO,"Y - Yes
N - No
U - Unknown"
admphy_spec,"Admitting physician specialty code. Assigned value is 900
when admitting physician information is not provided by
the hospital.",PATDEMO,
adm_phy,"Admitting physician ID (de-identified). Use to track a
physician across multiple inpatient and outpatient
encounters within the same hospital. To ensure a physician
is unique, use in conjunction with PROV_ID. Assigned value
is 999999999 when admitting physician information is not
provided by the hospital.",PATDEMO,
attphy_spec,"Attending physician specialty code. Assigned value is 900
when attending physician information is not provided by
the hospital.",PATDEMO,
att_phy,"Attending physician ID (de-identified). Use to track a
physician across multiple inpatient and outpatient
encounters within the same hospital. To ensure a physician
is unique, use in conjunction with PROV_ID. Assigned value
is 999999999 when attending physician information is not
provided by the hospital.",PATDEMO,
std_payor,Standard Premier payer categories,PATDEMO,
los,"Hospital submitted length of stay. Applies to inpatient
encounters only.",PATDEMO,
pat_charges,"Total charge amount of billed items during the hospital
encounter.",PATDEMO,
pat_cost,"Total cost to treat the patient during the hospital
encounter. Includes all supplies, labor, depreciation of
equipment, etc. Total Cost = Variable Cost + Fixed Cost.",PATDEMO,
pat_fix_cost,"Total fixed cost to treat the patient during the hospital
encounter. Fixed expenses include those that do not relate
directly to or vary with the activity (volume) of the
department such as depreciation, management, repair and
maintenance and overhead.",PATDEMO,
pat_var_cost,"Total variable cost to treat the patient during the
hospital encounter. Variable expenses include expenses
that relate directly to or vary with the activity (volume)
of the department such as supplies and hands on patient
care.",PATDEMO,
publish_type,"Indicates publish type of the hospital encounter.
Comparative Valid: The encounter has passed all validity
checks performed by Premier, but has not gone through
financial reconciliation. This means that total and bill
cost in the PATDEMO and PATBILL files, respectively, will
not be assigned or may not be final.
Comparative Publish: The encounter has passed all validity
checks performed by Premier, including financial
reconciliation. This means that total and bill cost in the
PATDEMO and PATBILL files, respectively, will be assigned.",PATDEMO,"CP - Comparative Publish
CV - Comparative Valid"
pat_key,Unique hospital encounter identifier (de-identified),PATAPRDRG,
medrec_key,"Unique patient identifier (de-identified), defined by
medical record number and hospital entity. Use this field to
track a patient across multiple inpatient and/or outpatient
encounters at the same hospital.",PATAPRDRG,
apr_drg,3M™ APR-DRG Grouper. Assigned to inpatient encounters only.,PATAPRDRG,
apr_sev,"3M™ APR-DRG Severity of Illness classification. Assigned to
inpatient encounters only.",PATAPRDRG,"0 - APR-DRG not assigned
1 - Minor
2 - Moderate
3 - Major
4 - Extreme"
apr_mort,"3M™ APR-DRG Risk of Mortality classification. Assigned to
inpatient encounters only.",PATAPRDRG,"0 - APR-DRG not assigned
1 - Minor
2 - Moderate
3 - Major
4 - Extreme"
pat_key,Unique hospital encounter identifier (de-identified),PATBILL,
std_chg_code,Premier Standard Charge Master code,PATBILL,
hosp_chg_id,"Unique hospital charge item identifier (de-identified). Use
to link each charge item to the corresponding hospital
submitted description.",PATBILL,
serv_date,"Date for each charge item. Dates that occur before admit
date can represent pre-admission services (i.e. lab workup
prior to scheduled surgery) or services received in the
Emergency Room prior to patient being admitted to
inpatient",PATBILL,
hosp_qty,"Hospital submitted quantity for each charge item. Use this
quantity with the hospital submitted charge description
(reference HOSPCHG lookup table).",PATBILL,
std_qty,"Standard Quantity for each charge item. The hospital
submitted quantity is adjusted as needed to convert to a
standard quantity. Use this quantity with the Premier
Standard Charge Master description (reference CHGMSTR
lookup table).",PATBILL,
bill_charges,Total charged amount for charge item.,PATBILL,
bill_cost,"Total cost for charge item. Includes all supplies, labor,
depreciation of equipment, etc. Total Cost = Variable Cost
+ Fixed Cost.",PATBILL,
bill_var_cost,"Total variable cost for charge item. Variable expenses
include expenses that relate directly to or vary with the
activity (volume) of the department such as supplies and
hands on patient care.",PATBILL,
bill_fix_cost,"Total fixed cost for charge item. Fixed expenses include
those that do not relate directly to or vary with the
activity (volume) of the department such as depreciation,
management, repair and maintenance and overhead.",PATBILL,
pat_key,Unique hospital encounter identifier (de-identified),PATCPT,
cpt_code,CPT or HCPCS code,PATCPT,
cpt_pos,"CPT position indicating order codes were received from the hospital.
Included for purpose of keeping rows distinct when hospital submits
same CPT code more than once for an encounter.",PATCPT,
proc_date,"Date the procedure was performed. Field can be null.
Only available for discharge dates on or after 7-1-2012. Note that
field can be still be null on or after 7-1-2012.",PATCPT,
cpt_order_phy,"CPT Order Physician ID (de-identified). Use to track a physician
across multiple inpatient and outpatient encounters within the same
hospital. To ensure a physician is unique, use in conjunction with
PROV_ID. Assigned value is 999999999 when ordering physician
information is not provided by the hospital.
Only available for discharge dates on or after 7-1-2012. Note that
field can be still be null on or after 7-1-2012.",PATCPT,
cpt_order_phy_spec,"CPT order physician specialty code. Assigned value is 900 when
ordering physician information is not provided by the hospital.
Only available for discharge dates on or after 7-1-2012. Note that
field can be still be null on or after 7-1-2012.",PATCPT,
cpt_proc_phy,"CPT Procedure Physician ID (de-identified). Use to track a physician
across multiple inpatient and outpatient encounters within the same
hospital. To ensure a physician is unique, use in conjunction with
PROV_ID. Assigned value is 999999999 when CPT procedure physician
information is not provided by the hospital.
Only available for discharge dates on or after 7-1-2012. Note that
field can be still be null on or after 7-1-2012.",PATCPT,
cpt_proc_phy_spec,"CPT procedure physician specialty code. Assigned value is 900 when
procedure physician information is not provided by the hospital.
Only available for discharge dates on or after 7-1-2012. Note that
field can be still be null on or after 7-1-2012.",PATCPT,
cpt_mod_code_1,"CPT Modifier Code 1
Only available for discharge dates on or after 7-1-2012. Note that
field can be still be null on or after 7-1-2012.",PATCPT,
cpt_mod_code_2,"CPT Modifier Code 2
Only available for discharge dates on or after 7-1-2012. Note that
field can be still be null on or after 7-1-2012.",PATCPT,
cpt_mod_code_3,"CPT Modifier Code 3
Only available for discharge dates on or after 7-1-2012. Note that
field can be still be null on or after 7-1-2012.",PATCPT,
cpt_mod_code_4,"CPT Modifier Code 4
Only available for discharge dates on or after 7-1-2012. Note that
field can be still be null on or after 7-1-2012.",PATCPT,
pat_key,Unique hospital encounter identifier (de-identified),PATICD_DIAG,
icd_version,ICD code set indicator: ICD-9 or ICD-10,PATICD_DIAG,
icd_code,"ICD-9 or ICD-10 diagnosis code. Use the icd_version field to
differentiate to which ICD code set the ICD code belongs, as
there are some ICD codes that overlap between ICD-9 and ICD-
10 code sets.",PATICD_DIAG,
icd_pri_sec,"Indicates whether an ICD diagnosis code is: Admitting,
Principal or Secondary",PATICD_DIAG,"A - Admitting
P - Principal
S - Secondary"
icd_poa,Present on Admission Flag,PATICD_DIAG,
pat_key,Unique hospital encounter identifier (de-identified),PATICD_PROC,
icd_version,ICD code set indicator: ICD-9 or ICD-10,PATICD_PROC,
icd_code,"ICD-9 or ICD-10 procedure code. Use the icd_version field to
differentiate to which ICD code set the ICD code belongs, as
there are some ICD codes that overlap between ICD-9 and ICD-10
code sets.",PATICD_PROC,
icd_pri_sec,"Indicates whether an ICD procedure code is: Principal or
Secondary",PATICD_PROC,"P - Principal
S - Secondary"
proc_date,Date the procedure was performed. Field can be null.,PATICD_PROC,
proc_phy,"Procedure physician id (de-identified). Use to track a
physician across multiple inpatient and outpatient encounters
within the same hospital. To ensure a physician is unique, use
in conjunction with PROV_ID. Assigned value is 999999999 when
procedure physician information is not provided by the
hospital.",PATICD_PROC,
procphy_spec,"Procedure physician specialty code. Assigned value is 900 when
procedure physician information is not provided by the
hospital.",PATICD_PROC,
pat_key,Unique hospital encounter identifier (de-identified),LAB_RES,
specimen_key,"Unique specimen identifier (de-identified). Specimen keys are
not unique across all hospital encounters; therefore, use
specimen_key with pat_key to ensure uniqueness",LAB_RES,
collection_datetime,Date/Time the specimen was collected,LAB_RES,
specimen_source_code,"Snomed CT code for source of the specimen when data_source_ind
= 4. Value is null when data_source_ind = 3",LAB_RES,
specimen_source_desc,"Snomed CT description for source of the specimen (blood,
sputum, urine, etc.) when data_source_ind = 4. When
data_source_ind = 3, the description is a Premier standard
description",LAB_RES,
body_site_category_code,"Snomed CT code for body site category when data_source_ind = 4.
Value is null when data_source_ind = 3",LAB_RES,
body_site_category_desc,"Snomed CT description for body site category when
data_source_ind = 4. Value is null when data_source_ind = 3",LAB_RES,
lab_test_code,"Lab test code when data_source_ind = 4. Refer to
lab_test_code_type field for the type of code populated in this
field. Value is null when data_source_ind = 3",LAB_RES,
lab_test_desc,"Lab test description. Note that a unique specimen key can have
multiple associated tests. When data_source_ind = 4, value is
mapped to LOINC® unless otherwise specified in the
lab_test_code_type field. When data_source_ind = 3, value is a
Premier standard description.",LAB_RES,
lab_test_code_type,"Type of code used to populate the lab_test_code field when
data_source_ind = 4. Value is ""Non-Standard"" when
data_source_ind = 3.",LAB_RES,"null
LOINC
Non-Standard
SNOMED-CT"
lab_test_result_datetime,Date/Time the lab result was returned,LAB_RES,
observation,"Result observations associated with a lab test. A unique
specimen key and test can have multiple associated results",LAB_RES,
observation_status,"Indicates the observation status (i.e. Final, Preliminary,
etc.). This is a hospital reported field and is not mandatory.",LAB_RES,"Distinct values for
data_source_ind = 3:
null
Amended
Completed
Corrected
Final
Gram
InProcess
Other
Preliminary
Smear/Stain
Stain
Distinct values for
data_source_ind = 4:
null
AMENDED
CANCELLED
CORRECTED
FINAL
PRELIMINARY"
data_source_ind,"Clinical surveillance system indicator. The value distinguishes
the two proprietary surveillance systems that contribute data.",LAB_RES,"3 - Retired data source
4 - Current data source"
pat_key,Unique hospital encounter identifier (de-identified),LAB_SENS,
specimen_key,"Unique specimen identifier (de-identified). Specimen keys
are not unique across all hospital encounters; therefore,
use specimen_key with pat_key to ensure uniqueness.",LAB_SENS,
collection_datetime,Date/Time the specimen was collected,LAB_SENS,
result_organism,"Result organism for which susceptibility testing was
conducted. A specimen key can have more than one
associated result organism.",LAB_SENS,
susc_test_method_code,"Susceptibility test method code when data_source_ind = 4.
Refer to susc_test_method_code_type field for the type of
code populated in this field. Value is null when
data_source_ind = 3.",LAB_SENS,
susc_test_method_desc,"Susceptibility test method description. When
data_source_ind = 4, value is a LOINC® description unless
otherwise specified in the susc_test_method_code_type
field. When data_source_ind = 3, value is a Premier
standard description.",LAB_SENS,
susc_test_method_code_type,"Type of code used to populate the susc_test_method_code
field when data_source_ind = 4. Value is ""Non-Standard""
when data_source_ind = 3.",LAB_SENS,"null
LOINC
NON-STANDARD"
medication,Medication tested,LAB_SENS,
susc_test_result_datetime,Date/Time the susceptibility result was returned,LAB_SENS,
susc_test_result,Result value of the test performed,LAB_SENS,
interpretation,"Interpretation of the result (i.e. Susceptible, Resistant
or Intermediate)",LAB_SENS,
data_source_ind,"Clinical surveillance system indicator. The value
distinguishes the two proprietary surveillance systems
that contribute data.",LAB_SENS,"3 - Retired data source
4 - Current data source"
pat_key,Unique hospital encounter identifier (de-identified),GEN_LAB,
order_key,"Recoded key associated with lab order assigned by
EMR/receiving unit",GEN_LAB,
collection_datetime,Date/Time the specimen was collected,GEN_LAB,
specimen_source_code,"Snomed CT code for source of the specimen (blood, sputum,
urine, etc.)",GEN_LAB,
specimen_source_desc,"Snomed CT description for source of the specimen (blood,
sputum, urine, etc.)",GEN_LAB,
lab_test_code,"Lab test code. Refer to lab_test_code_type field for the
type of code populated in this field. Value is a LOINC®
code unless otherwise specified in the lab_test_code_type
field",GEN_LAB,
lab_test_desc,"Lab test description. Value is a LOINC® description unless
otherwise specified in the lab_test_code_type field",GEN_LAB,
lab_test_code_type,Type of code used to populate the lab_test_code field,GEN_LAB,"null
LOINC
NON-STANDARD"
lab_test_result_datetime,Date/Time the lab result was returned,GEN_LAB,
lab_test_result,"Result of the lab test (e.g. a number, or an alpha
description such as ""positive"")",GEN_LAB,"C = Corrected
F = Final"
lab_test_result_unit,Unit of measure for the lab test result,GEN_LAB,
lab_test_result_status,Status of the lab test result,GEN_LAB,
reference_interval,"The lab's reference range for test results. Reference
ranges vary from facility to facility, based upon the exact
lab equipment they use.",GEN_LAB,
numeric_value_operator,"Character such as "">"" or ""<"" used in results. Often results
which relate to counts will simply give a "">"" or ""<""
result. Use of this prevents clinicians from making exact
calculations and drawing incorrect conclusions.",GEN_LAB,
numeric_value,Numeric result of the test,GEN_LAB,
abnormal_flag,"Highlights whether the test result is beyond the normal
range, as defined by the facility. Flag is typically
generated by the lab system, but may be augmented by
TheraDoc in some instances. Indicators such as ""H"" (high),
or ""L"" (low"") are helpful in driving automated alerts and
filtering data.",GEN_LAB,
pat_key,Unique hospital encounter identifier (de-identified),VITALS,
facility_test_name,"EMR description of the test; specific to facility
e.g. HEIGHT, WEIGHT, DP, SP, RR, HR, PO2",VITALS,
observation_datetime,"Date/Time the specimen was drawn or the radiological
exam was done",VITALS,
result_datetime,Date/Time that the result was returned,VITALS,
lab_test_code,"Lab test code. Refer to lab_test_code_type field for
the type of code populated in this field. Value is a
LOINC® code unless otherwise specified in the
lab_test_code_type field",VITALS,
lab_test_desc,"Lab test description. Value is a LOINC® description
unless otherwise specified in the lab_test_code_type
field",VITALS,
lab_test_code_type,Type of code used to populate the lab_test_code field,VITALS,"null
LOINC
SNOMED-CT
NON-STANDARD"
lab_test_result,"Result of the lab test (e.g. a number, or an alpha
description such as ""positive"")",VITALS,"C =Corrected
F =Final
I =In Lab
O =Order Received
P =Preliminary
R =Results Entered
U =Final
X =No Results"
lab_test_result_unit,Unit of measure for the lab test result,VITALS,
lab_test_result_status,Status of the lab test result,VITALS,
numeric_value_operator,"Character such as "">"" or ""<"" used in results. Often
results which relate to counts will simply give a "">""
or ""<"" result. Use of this prevents clinicians from
making exact calculations and drawing incorrect
conclusions.",VITALS,
numeric_value,Numeric result of the test,VITALS,
abnormal_flag,"Highlights whether the test result is flagged as beyond
the normal range, as defined by the facility.",VITALS,"No abnormal flag
Low
Normal
High"
infant_pat_key,"Unique hospital encounter identifier (de-identified) for
infant at birth. There is one birth record for each
infant in this table. Only infant birth records that can
be linked to the mother's delivery encounter are in this
table",MOTHER_INFANT_LINK,
mother_pat_key,"Unique hospital encounter identifier (de-identified) for
the mother at delivery. A mother_pat_key can be linked to
multiple infant_pat_key(s).",MOTHER_INFANT_LINK,
medrec_key,"Unique patient identifier (de-identified), defined by medical record
number and hospital entity. Use this field to track a patient across
multiple inpatient and/or outpatient encounters at the same hospital.",MORTALITY,
death_date,"Date patient expired
Death dates are populated from one of the following sources:
* Government Mortality Data
* Private Claims
* Private Obituary
* Other Private Media sourced from Funeral Homes, Newspapers, etc
* PHD (derived from discharge status of ""Expired"")
With the exception of in-hospital mortality derived from PHD,
mortality data is obtained from an external data source that captures
death dates for roughly 85% of the U.S. population. Null death date
represents patients that were matched against the external mortality
sources and no death record was found, thus. patients with null death
date should be included/considered in the denominator for analysis
purposes.
The latency for mortality records is approximately 30 days after
death.",MORTALITY,
pat_key,Unique hospital encounter identifier (de-identified),PAT_SDOH,
acs_avg_hh_size_ctgy,"Average household size, rounded to one digit precision and categorized
[Data Source: AHRQ SDOH/ACS, ZCTA files] £",PAT_SDOH,"null
1.0-1.9
2.0-2.4
2.5-2.9
3.0-3.9
>=4"
acs_gini_index_ctgy,"Gini index of income inequality, categorized [Data Source: AHRQ
SDOH/ACS, ZCTA files] £
The Gini Index is a summary measure of income inequality. The
coefficient ranges from 0, indicating perfect equality (where everyone
receives an equal share), to 1, perfect inequality (where only one
recipient or group of recipients receives all the income).",PAT_SDOH,"null
0.00-0.19
0.20-0.29
0.30-0.39
0.40-0.49
0.50-0.59
>=0.60"
acs_median_hh_income_ctgy,"Median household income (dollars, inflation-adjusted to respective data
file year), categorized [Data Source: AHRQ SDOH/ACS, ZCTA files] £",PAT_SDOH,"null
0-15000
15001-25000
25001-35000
35001-50000
50001-75000
75001-100000
100001-150000
150001-200000
> 200000"
acs_education_wgt_ctgy,"Education weight calculated by applying a specified weight to each of
the ACS education percentiles and summing the result, rounded to single
digit precision and categorized. Representative of the population age 25
or older. [Data Source: AHRQ SDOH/ACS, ZCTA files] £
The values obtained from weighted average represents average education
completed, where
10 = less than high school education
12 = only high school diploma
14 = some college or associate's degree
16 = bachelor's degree
18.5= master's or professional school degree or doctorate",PAT_SDOH,"10.0-10.9
11.0-11.9
12.0-12.9
13.0-13.9
14.0-14.9
15.0-15.9
16.0-16.9
17.0-18.5"
svi_rpl_theme1_socieco_ctgy,"Percentile ranking for Socioeconomic Status theme summary, rounded to
double-digit precision and categorized (Data Source: CDC/ATSDR SVI) ¥",PAT_SDOH,"null
0-10%
11-20%
21-30%
31-40%
41-50%
51-60%
61-70%
71-80%
81-90%
91-100%"
svi_rpl_theme2_hh_disb_ctgy,"Percentile ranking for Household Characteristics theme summary, rounded
to double-digit precision and categorized (Data Source: CDC/ATSDR SVI) ¥",PAT_SDOH,"null
0-10%
11-20%
21-30%
31-40%
41-50%
51-60%
61-70%
71-80%
81-90%
91-100%"
svi_rpl_theme3_mino_ctgy,"Percentile ranking for Racial and Ethnic Minority Status theme ,rounded
to double-digit precision and categorized (Data Source: CDC/ATSDR SVI) ¥",PAT_SDOH,"null
0-10%
11-20%
21-30%
31-40%
41-50%
51-60%
61-70%
71-80%
81-90%
91-100%"
svi_rpl_theme4_hh_trans_ctgy,"Percentile ranking for Housing Type/ Transportation theme, rounded to
double-digit precision and categorized (Data Source: CDC/ATSDR SVI) ¥",PAT_SDOH,"null
0-10%
11-20%
21-30%
31-40%
41-50%
51-60%
61-70%
71-80%
81-90%
91-100%"
svi_rpl_themes_all_ctgy,"Overall percentile ranking, rounded to double-digit precision and
categorized (Data Source: CDC/ATSDR SVI) ¥",PAT_SDOH,"null
0-10%
11-20%
21-30%
31-40%
41-50%
51-60%
61-70%
71-80%
81-90%
91-100%"
medrec_key,"Unique patient identifier (de-identified), defined by
medical record number and hospital entity. Use this field
to track a patient across multiple inpatient and/or
outpatient encounters at the same hospital.",TOKENS,
token1,Datavant Token 1,TOKENS,
token2,Datavant Token 2,TOKENS,
adm_type,UB-04 Admission Type code,ADMTYPE,
adm_type_desc,UB-04 Admission Type description,ADMTYPE,"1 - EMERGENCY
2 - URGEN
3 - ELECTIVE
4 - NEWBORN
5 - TRAUMA CENTER
9 - INFORMATION NOT AVAILABLE"
apr_drg,3M™ All Patient Refined DRG (APR DRG) grouper,APRDRG,
apr_drg_desc,"3M™ All Patient Refined DRG (APR DRG) grouper
description",APRDRG,
std_chg_code,Premier Standard Charge Master code,CHGMSTR,
std_chg_desc,Premier Standard Charge Master description,CHGMSTR,
clin_dtl_code,Premier Clinical Detail code,CHGMSTR,
clin_dtl_desc,Premier Clinical Detail description,CHGMSTR,
clin_sum_code,Premier Clinical Summary code,CHGMSTR,
clin_sum_desc,Premier Clinical Summary description,CHGMSTR,
std_dept_code,Premier Standard Department code,CHGMSTR,
std_dept_desc,Premier Standard Department description,CHGMSTR,
sum_dept_desc,Higher level grouping of Premier Standard Departments,CHGMSTR,
prod_cat_code,Premier defined product category code,CHGMSTR,"Only applies to Standard
Department Code 250
(Pharmacy). All other
Standard Departments
mapped to Unknown."
prod_cat_desc,Premier defined product category description,CHGMSTR,"Only applies to Standard
Department Code 250
(Pharmacy). All other
Standard Departments
mapped to Unknown."
prod_class_code,Premier defined product class code,CHGMSTR,"Only applies to Standard
Department Code 250
(Pharmacy). All other
Standard Departments
mapped to Unknown."
prod_class_desc,Premier defined product class description,CHGMSTR,"Only applies to Standard
Department Code 250
(Pharmacy). All other
Standard Departments
mapped to Unknown."
prod_name_code,Premier defined product name code,CHGMSTR,"Only applies to Standard
Department Code 250
(Pharmacy). All other
Standard Departments
mapped to Unknown."
prod_name_desc,Premier defined product name description,CHGMSTR,"Only applies to Standard
Department Code 250
(Pharmacy). All other
Standard Departments
mapped to Unknown."
"prod_name_meth_cod
e",Premier defined product and method of administration code,CHGMSTR,"Only applies to Standard
Department Code 250
(Pharmacy)."
"prod_name_meth_des
c","Premier defined product name and method of administration
description",CHGMSTR,"Only applies to Standard
Department Code 250
(Pharmacy). All other
Standard Departments
mapped to Unknown."
cpt_code,CPT or HCPCS code,CPTCODE,
cpt_desc,CPT or HCPCS description,CPTCODE,
disc_status,UB-04 Discharge status code,DISSTAT,
disc_status_desc,UB-04 Discharge status description,DISSTAT,"1 DISCHARGED TO HOME OR SELF CARE
2 DISCHARGED/TRANSFERRED TO OTHER FACILITY
3 DISCHARGED/TRANSFERRED TO SNF
4 DISCHARGED/TRANSFERRED TO ICF
5 DSCHRD/XFERED CANCER CTR/CHILDRN HOSP
6 DISCHARGED TO HOME HEALTH ORG.
7 LEFT AGAINST MEDICAL ADVICE
8 DISCHARGED TO HOME IV PROVIDER
9 ADMITTED AS AN INPATIENT TO THIS HOSP
20 EXPIRED
21 DISCH/TRANS TO COURT/LAW ENFORCE
30 STILL A PATIENT - EXPECTED TO RETURN
40 EXPIRED AT HOME (FOR HOSPICE CARE)
41 EXPIRED IN MEDICAL FACILITY(FOR HOSPICE)
42 EXPIRED, PLACE UNKNOWN (FOR HOSPICE)
43 DISCHARGED/TRANSFERRED TO FEDERAL HOSP
50 DISCHARGED TO HOSPICE-HOME
51 DISCHARGED TO HOSPICE-MEDICAL FACILITY
61 DISCHRGD/TRANSFRD TO SWING BED
62 DSCHRGD/TRNSFRD TO ANOTHER REHAB FACILTY
63 DSCHRGD/TRNSFRD TO A LTC HOSPITAL
64 DISCHRGD/TRNSFRD TO A NURSING FACILITY M
65 DISCHARGED/TRANSFERRED TO PSYCH HOSP
66 DISCHARGED/TRANSFERRED TO A CAH
69 DISC/TRAN DESIG DISASTR PLAN ACUT IP RDM
70 DSCHRD/XFERED OTH HLTH INST NOT IN LIST
71 DSCHRGD TO OTHER INSTITUTION FOR OP SVCS
72 DISCHGRD TO THIS INSTITUTION FOR OP SVCS
81 DISCH HOME/SELF PLANNED ACUTE IP READM
82 DISC/TRAN SHRT TERM HOS PLAN ACUT IP RDM
83 DISC/TRAN SNF MEDICARE PLAN ACUT IP RDM
84 DISC/TRAN CUST/SUPP FAC PLAN ACUT IP RDM
85 DISC/TRANS CANCER/CHILD PLAN ACUT IP RDM
86 DISC HOME W/HOME HEALTH PLAN ACUT IP RDM
87 DISC/TRANS COURT/LAW PLAN ACUTE IP RDM
88 DISC/TRANS FEDERAL FAC PLAN ACUTE IP RDM
89 DIS/TRAN MEDC SWING BED PLAN ACUT IP RDM
90 DISC/TRANS IRF/REH DPU PLAN ACUTE IP RDM
91 DISC/TRANS MEDICR LTCH PLAN ACUTE IP RDM
92 DIS/TRAN NURSNG MEDCAID PLAN ACUT IP RDM
93 DIS/TRAN PSYCH HOS/DPU PLAN ACUTE IP RDM
94 DISCH/TRANS CAH PLAN ACUTE IP READM
95 DIS/TRAN FACLTY UNLISTD PLAN ACUT IP RDM
99 INFORMATION NOT AVAILABLE"
hosp_chg_id,Unique hospital charge item identifier (de-identified),HOSPCHG,
hosp_chg_desc,Description used in hospital's billing system,HOSPCHG,
icd_version,ICD code set indicator: ICD-9 or ICD-10,ICDCODE,
icd_code,"ICD-9 or ICD-10 diagnosis or procedure code. Use the
icd_version field to differentiate to which ICD code set the
ICD code belongs, as there are some ICD codes that overlap
between the ICD-9 and ICD-10 code sets. Use the
icd_diag_proc field to differentiate the icd_diag",ICDCODE,
icd_desc,ICD diagnosis or procedure description,ICDCODE,
ccs_cat_level1_code,CCS category code: Level 1 of the multi-level categories,ICDCODE,
ccs_cat_level1_desc,"CCS category description: Level 1 of the multi-level
categories",ICDCODE,
ccs_cat_level2_code,CCS category code: Level 2 of the multi-level categories,ICDCODE,
ccs_cat_level2_desc,"CCS category description: Level 2 of the multi-level
categories",ICDCODE,
icd_diag_proc,Flag denoting type of ICD code: Diagnosis or Procedure,ICDCODE,D or P
icd_diag_proc_desc,Description of ICD type,ICDCODE,"Diagnosis
Procedure"
icd_poa,Present on Admission flag,ICDPOA,
icd_poa_desc,Present on Admission description,ICDPOA,"1- EXEMPT FROM POA REPORTING
9- NO CODE SUBMITTED
E- EXEMPT FROM POA REPORTING
N- NO (NOT PRESENT ON ADMISSION)
P- PROCEDURE CODE
U- UNKNOWN (DOCUMENTATION
INSUFFICIENT)
W- CLINICALLY UNDETERMINED
Y- YES (PRESENT ON ADMISSION)"
icd_poa_sum_desc,Present on Admission Summary description,ICDPOA,"Yes
No
Exempt"
ms_drg,Medicare Severity Diagnosis Related Group,MSDRG,
ms_drg_desc,Medicare Severity Diagnosis Related Group description,MSDRG,
ms_drg_mdc,Major Diagnostic Category,MSDRGMDC,
ms_drg_mdc_desc,Major Diagnostic Category description,MSDRGMDC,
pat_type,Premier Standard Patient type code,PATTYPE,
pat_type_desc,Premier standard patient type description,PATTYPE,"08 INPATIENT
10 SKILLED NURSING
22 LONG TERM CARE
23 REHABILITATION
24 PSYCHIATRIC
25 HOSPICE
26 CHEMICAL DEPENDENCY
27 SAME DAY SURGERY
28 EMERGENCY
29 OBSERVATION
30 DIAGNOSTIC TESTING
31 RECURRING/SERIES
32 PRE-SURGICAL TESTING
33 HOME HEALTH
34 CLINIC
35 ORGAN DONOR
90 OTHER"
std_payor,Premier Standard Payer code,PAYOR,
std_payor_desc,Premier Standard Payer description,PAYOR,"300 MEDICARE - TRADITIONAL
310 MEDICARE - MGD CARE CAP
320 MEDICARE - MGD CARE NON-CAP
330 MEDICAID - TRADITIONAL
340 MEDICAID - MGD CARE CAP
350 MEDICAID - MGD CARE NON-CAP
360 MANAGED CARE - NON-CAP
370 MANAGED CARE - CAPITATED
380 COMMERCIAL - INDEMNITY
390 CHARITY
400 INDIGENT
410 SELF PAY
420 WORKERS COMPENSATION
430 DIRECT EMPLOYER CONTRACT
440 OTHER GOVERNMENT PAYORS
900 OTHER"
phy_spec,Standard physician specialty code,PHYSPEC,
phy_spec_desc,Standard physician specialty description,PHYSPEC,
point_of_origin,UB-04 Point of Origin code,POORIGIN,
point_of_origin_desc,UB-04 Point of Origin description,POORIGIN,"0 TRANS FROM PSYCH/SUBSTANCE ABU
1 NONHEALTHCARE FACILITY POINT OF ORIGIN
2 CLINIC
3 HMO REFERRAL
4 XFER FROM A HOSPITAL (DIFF FACILITY)
45 BORN INSIDE THIS HOSPITAL
46 BORN OUTSIDE OF THIS HOSPITAL
5 XFER FROM SNF OR ICF
6 XFER FROM HLTH FAC
7 EMERGENCY ROOM - EXPIRED JULY 1 2010
8 COURT/LAW ENFORCEMENT
9 INFORMATION NOT AVAILABLE
A TRANS FROM RURAL PRIMARY CA
B XFER FROM ANOTHER HHA
C READMISSION TO SAME HHA
D XFER FROM DU IN SAME HOSP;SEPARATE CLAIM
E XFER FROM AMBULATORY SURGERY CENTER
F TRANSFER FROM HOSPICE & UNDER HOSPICE
PLAN/PROGRAM
G XFER FROM DESIGNATED DISASTER ACS"
prov_id,Hospital entity ID (de-identified),PROVIDERS,
urban_rural,Vicinity of provider to a city center,PROVIDERS,"URBAN
RURAL"
teaching,Denotes if the provider is a teaching hospital,PROVIDERS,"YES
NO"
beds_grp,"Total number of beds, grouped",PROVIDERS,"000-099
100-199
200-299
300-399
400-499
500+
Unavailable"
prov_region,US Census Region,PROVIDERS,"MIDWEST
NORTHEAST
SOUTH
WEST"
prov_division,US Census Division,PROVIDERS,"EAST NORTH CENTRAL
EAST SOUTH CENTRAL
MIDDLE ATLANTIC
MOUNTAIN
NEW ENGLAND
PACIFIC
SOUTH ATLANTIC
WEST NORTH CENTRAL
WEST SOUTH CENTRAL"
cost_type,"Indicates the methodology used to assign cost.
• Procedural: Generally speaking, used when the hospital has
a cost accounting system and uses Relative Value Units to
estimate cost. For these, the hospital submits both cost and
charges to Premier.
• Ratio of Cost to Charges (RCC): Generally speaking, used
when the hospital does not have a cost accounting system, or
does have a cost accounting system but does not use Relative
Value Units to estimate cost. For these, the hospital submits
the charges to Premier, and the cost is allocated based on a
ratio of cost to charges.",PROVIDERS,"PROCEDURAL
RCC"
prov_id,Hospital entity ID (de-identified),PROV_ENROLLMENT,
disc_mon,"Month and year of discharges, formatted: YYYYQMM where Q is the
calendar quarter",PROV_ENROLLMENT,
ip_dx_count,Count of inpatient discharges in PHD for provider/discharge month,PROV_ENROLLMENT,
op_dx_count,Count of outpatient discharges in PHD for provider/discharge month,PROV_ENROLLMENT,
all_dx_count,Count of all discharges in PHD for provider/discharge month,PROV_ENROLLMENT,
ip_min_dx_date,Minimum inpatient discharge date in PHD for provider/discharge,PROV_ENROLLMENT,
op_min_dx_date,Minimum outpatient discharge date in PHD for provider/discharge,PROV_ENROLLMENT,
all_min_dx_date,Minimum discharge date in PHD for provider/discharge month,PROV_ENROLLMENT,
ip_max_dx_date,Maximum inpatient discharge date in PHD for provider/discharge,PROV_ENROLLMENT,
op_max_dx_date,Maximum outpatient discharge date in PHD for provider/discharge,PROV_ENROLLMENT,
all_max_dx_date,Maximum discharge date in PHD for provider/discharge month,PROV_ENROLLMENT,
ip_proj_wgt,"Inpatient projection weight. Used to produce national projected
inpatient counts (based on the AHA Annual Survey Database™). Merge
to PATDEMO table by PROV_ID and DISC_MON to apply provider level
weights to patient level data.
When merging to PATDEMO table to apply monthly hospital projection
weights to encounter level data, filter PATDEMO for inpatient
encounters only (I_O_IND = 'I').",PROV_ENROLLMENT,