table_name,table_description
PATDEMO,Patient demographic and hospital encounter characteristics
PATAPRDRG ***, 3M™ APR-DRG classification for inpatient hospital encounters
PATBILL,Detail charges per patient
PATCPT,Hospital submitted CPT® and HCPCS codes for each hospital encounter
PATICD_DIAG,ICD Diagnosis Codes submitted for each hospital encounter
PATICD_PROC,ICD Procedure Codes submitted for each hospital encounter
ADMTYPE,Admission Type codes and descriptions
APRDRG ***,Lookup Table for 3M™ APR DRG Classification System
CHGMSTR,Standard Charge Master
CPTCODE,CPT® codes and descriptions
DISSTAT,Discharge status codes and descriptions
HOSPCHG,Hospital supplied charge descriptions
ICDCODE,ICD codes and descriptions
ICDPOA,Present on Admission flags and descriptions
MSDRG,Medicare Severity Diagnosis Related Groups codes and descriptions
MSDRGMDC,Major Diagnostic Categories codes and descriptions
PATTYPE,Patient type codes and descriptions
PAYOR,Payer codes and descriptions
PHYSPEC,Physician specialty codes and descriptions
POORIGIN,Point of Origin codes and descriptions
PROVIDERS,Hospital characteristics
PROV_ENROLLMENT,Monthly provider enrollment information + inpatient projection weight
LAB_RES ***,Microbiology lab results for select hospital encounters
LAB_SENS ***,Microbiology lab sensitivity results for select hospital encounters
GENLAB ***,General lab results for select hospital encounters
VITALS ***,Vitals data for select hospital encounters
MOTHER_INFANT_LINK ***,Link from Infant encounter to Mother encounter
MORTALITY ***,Mortality data from external sources plus in-hospital death information from PHD
PAT_SDOH ***,ZCTA and county level SDOH data from AHRQ SDOH/ACS and CDC/ATSDR SVI
TOKENS ***,Datavant Tokens