column_name,column_description,table_name
DESYNPUF_ID,Beneficiary Code,beneficiary_summary
BENE_BIRTH_DT,Date of birth,beneficiary_summary
BENE_DEATH_DT,Date of death,beneficiary_summary
BENE_SEX_IDENT_CD,Sex,beneficiary_summary
BENE_RACE_CD,Beneficiary Race Code,beneficiary_summary
BENE_ESRD_IND,End stage renal disease Indicator,beneficiary_summary
SP_STATE_CODE,State Code,beneficiary_summary
BENE_COUNTY_CD,County Code,beneficiary_summary
BENE_HI_CVRAGE_TOT_MONS,Total number of months of part A coverage for the beneficiary.,beneficiary_summary
BENE_SMI_CVRAGE_TOT_MONS,Total number of months of part B coverage for the beneficiary.,beneficiary_summary
BENE_HMO_CVRAGE_TOT_MONS,Total number of months of HMO coverage for the beneficiary.,beneficiary_summary
PLAN_CVRG_MOS_NUM,Total number of months of part D plan coverage for the beneficiary.,beneficiary_summary
SP_ALZHDMTA,Chronic Condition: Alzheimer or related disorders or senile,beneficiary_summary
SP_CHF,Chronic Condition: Heart Failure,beneficiary_summary
SP_CHRNKIDN,Chronic Condition: Chronic Kidney Disease,beneficiary_summary
SP_CNCR,Chronic Condition: Cancer,beneficiary_summary
SP_COPD,Chronic Condition: Chronic Obstructive Pulmonary Disease,beneficiary_summary
SP_DEPRESSN,Chronic Condition: Depression,beneficiary_summary
SP_DIABETES,Chronic Condition: Diabetes,beneficiary_summary
SP_ISCHMCHT,Chronic Condition: Ischemic Heart Disease,beneficiary_summary
SP_OSTEOPRS,Chronic Condition: Osteoporosis,beneficiary_summary
SP_RA_OA,Chronic Condition: rheumatoid arthritis and osteoarthritis (RA/OA),beneficiary_summary
SP_STRKETIA,Chronic Condition: Stroke/transient Ischemic Attack,beneficiary_summary
MEDREIMB_IP,Inpatient annual Medicare reimbursement amount,beneficiary_summary
BENRES_IP,Inpatient annual beneficiary responsibility amount,beneficiary_summary
PPPYMT_IP,Inpatient annual primary payer reimbursement amount,beneficiary_summary
MEDREIMB_OP,Outpatient Institutional annual Medicare reimbursement amount,beneficiary_summary
BENRES_OP,Outpatient Institutional annual beneficiary responsibility amount,beneficiary_summary
PPPYMT_OP,Outpatient Institutional annual primary payer reimbursement amount,beneficiary_summary
MEDREIMB_CAR,Carrier annual Medicare reimbursement amount,beneficiary_summary
BENRES_CAR,Carrier annual beneficiary responsibility amount,beneficiary_summary
PPPYMT_CAR,Carrier annual primary payer reimbursement amount,beneficiary_summary
DESYNPUF_ID,Beneficiary Code,inpatient_claims
CLM_ID,Claim ID,inpatient_claims
SEGMENT,Claim Line Segment,inpatient_claims
CLM_FROM_DT,Claims start date,inpatient_claims
CLM_THRU_DT,Claims end date,inpatient_claims
PRVDR_NUM,Provider Institution,inpatient_claims
CLM_PMT_AMT,Claim Payment Amount,inpatient_claims
NCH_PRMRY_PYR_CLM_PD_AMT,NCH Primary Payer Claim Paid Amount,inpatient_claims
AT_PHYSN_NPI,Attending Physician – National Provider Identifier Number,inpatient_claims
OP_PHYSN_NPI,Operating Physician – National Provider Identifier Number,inpatient_claims
OT_PHYSN_NPI,Other Physician – National Provider Identifier Number,inpatient_claims
CLM_ADMSN_DT,Inpatient admission date,inpatient_claims
ADMTNG_ICD9_DGNS_CD,Claim Admitting Diagnosis Code,inpatient_claims
CLM_PASS_THRU_PER_DIEM_AMT,Claim Pass Thru Per Diem Amount,inpatient_claims
NCH_BENE_IP_DDCTBL_AMT,NCH Beneficiary Inpatient Deductible Amount,inpatient_claims
NCH_BENE_PTA_COINSRNC_LBLTY_AM,NCH Beneficiary Part A Coinsurance Liability Amount,inpatient_claims
NCH_BENE_BLOOD_DDCTBL_LBLTY_AM,NCH Beneficiary Blood Deductible Liability Amount,inpatient_claims
CLM_UTLZTN_DAY_CNT,Claim Utilization Day Count,inpatient_claims
NCH_BENE_DSCHRG_DT,Inpatient discharged date,inpatient_claims
CLM_DRG_CD,Claim Diagnosis Related Group Code,inpatient_claims
ICD9_DGNS_CD_1 – ICD9_DGNS_CD_10,Claim Diagnosis Code 1 – Claim Diagnosis Code 10,inpatient_claims
ICD9_PRCDR_CD_1 – ICD9_PRCDR_CD_6,Claim Procedure Code 1 – Claim Procedure Code 6,inpatient_claims
,Revenue Center HCFA Common,inpatient_claims
HCPCS_CD_1 – HCPCS_CD_45,Procedure Coding System 1 – Revenue Center HCFA,inpatient_claims
,Common Procedure Coding System 45,inpatient_claims
DESYNPUF_ID,Beneficiary Code,outpatient_claims
CLM_ID,Claim ID,outpatient_claims
SEGMENT,Claim Line Segment,outpatient_claims
CLM_FROM_DT,Claims start date,outpatient_claims
CLM_THRU_DT,Claims end date,outpatient_claims
PRVDR_NUM,Provider Institution,outpatient_claims
CLM_PMT_AMT,Claim Payment Amount,outpatient_claims
NCH_PRMRY_PYR_CLM_PD_AMT,NCH Primary Payer Claim Paid Amount,outpatient_claims
AT_PHYSN_NPI,Attending Physician – National Provider Identifier Number,outpatient_claims
OP_PHYSN_NPI,Operating Physician – National Provider Identifier Number,outpatient_claims
OT_PHYSN_NPI,Other Physician – National Provider Identifier Number,outpatient_claims
NCH_BENE_BLOOD_DDCTBL_LBLTY_AM,NCH Beneficiary Blood Deductible Liability Amount,outpatient_claims
ICD9_DGNS_CD_1 – ICD9_DGNS_CD_10,Claim Diagnosis Code 1 – Claim Diagnosis Code 10,outpatient_claims
ICD9_PRCDR_CD_1 – ICD9_PRCDR_CD_6,Claim Procedure Code 1 – Claim Procedure Code 6,outpatient_claims
NCH_BENE_PTB_DDCTBL_AMT,NCH Beneficiary Part B Deductible Amount,outpatient_claims
NCH_BENE_PTB_COINSRNC_AMT,NCH Beneficiary Part B Coinsurance Amount,outpatient_claims
ADMTNG_ICD9_DGNS_CD,Claim Admitting Diagnosis Code,outpatient_claims
,Revenue Center HCFA Common,outpatient_claims
HCPCS_CD_1 – HCPCS_CD_45,Procedure Coding System 1 – Revenue Center,outpatient_claims
,HCFA Common Procedure Coding System 45,outpatient_claims
DESYNPUF_ID,Beneficiary Code,prescription_drug_events
PDE_ID,CCW Part D Event Number,prescription_drug_events
SRVC_DT,RX Service Date,prescription_drug_events
PROD_SRVC_ID,Product Service ID,prescription_drug_events
QTY_DSPNSD_NUM,Quantity Dispensed,prescription_drug_events
DAYS_SUPLY_NUM,Days Supply,prescription_drug_events
PTNT_PAY_AMT,Patient Pay Amount,prescription_drug_events
TOT_RX_CST_AMT,Gross Drug Cost,prescription_drug_events
